年度,リーグ,ステージ,順位,選手名,チーム名,試合数,ポイント,平均スコア,平均順位,最高得点,最高得点順位,最低得点,トップ数,2着数,3着数,4着数,トップ率,トップ率順位,ラス回避率,ラス回避率順位,最多勝利順位,ポイント賞順位,ラス回避率賞順位,最多勝利賞順位,最高得点賞順位,トップ率賞順位,選手ID
2023,単一リーグ,セミファイナル,1,鞘,星の砂 Stardust Collectors,3,148.7,49.6,1.33,"48,900点",8,"35,000点",2,1,0,0,66.7%,4,100.0%,2,2,,,,,,P0278
2023,単一リーグ,セミファイナル,2,桃瀬古都,SSブルーバーズ,2,141.3,70.7,1.00,"60,400点",3,"40,900点",2,0,0,0,100.0%,1,100.0%,5,1,,,,,,P0305
2023,単一リーグ,セミファイナル,3,かうzじゅき,関西麻雀保安協会,3,115.4,38.5,1.67,"52,800点",5,"30,500点",1,2,0,0,33.3%,14,100.0%,3,14,,,,,,P0088
2023,単一リーグ,セミファイナル,4,黙示録@SMY会,さわやかMJ野郎の会,2,102.6,51.3,1.50,"68,700点",2,"33,900点",1,1,0,0,50.0%,6,100.0%,6,6,,,,,,P0316
2023,単一リーグ,セミファイナル,5,太郎,クレイジーダイヤモンド,4,100.9,25.2,2.00,"74,900点",1,"15,200点",2,0,2,0,50.0%,5,100.0%,1,3,,,,,,P0294
2023,単一リーグ,セミファイナル,6,ハナノア,SSブルーバーズ,2,80.7,40.4,1.50,"42,000点",12,"38,700点",1,1,0,0,50.0%,7,100.0%,7,7,,,,,,P0158
2023,単一リーグ,セミファイナル,7,全速ゆーへい,星の砂 Stardust Collectors,1,64.9,64.9,1.00,"44,900点",9,"44,900点",1,0,0,0,100.0%,2,100.0%,15,4,,,,,,P0291
2023,単一リーグ,セミファイナル,8,PPPするぞ★,星の砂 Stardust Collectors,2,61.6,30.8,1.50,"37,800点",15,"23,800点",1,1,0,0,50.0%,8,100.0%,8,8,,,,,,P0050
2023,単一リーグ,セミファイナル,9,つよ@SMY会,さわやかMJ野郎の会,1,60.3,60.3,1.00,"40,300点",13,"40,300点",1,0,0,0,100.0%,3,100.0%,16,5,,,,,,P0139
2023,単一リーグ,セミファイナル,10,玉緒,関西麻雀保安協会,2,59.1,29.6,2.00,"54,400点",4,"24,700点",1,0,1,0,50.0%,9,100.0%,9,9,,,,,,P0251
2023,単一リーグ,セミファイナル,11,店長倍損の上司,星の砂 Stardust Collectors,2,54.2,27.1,1.50,"30,100点",21,"24,100点",1,1,0,0,50.0%,10,100.0%,10,10,,,,,,P0302
2023,単一リーグ,セミファイナル,12,大明槓嶺上開花,クレイジーダイヤモンド,2,16.1,8.1,2.00,"29,400点",22,"26,700点",0,2,0,0,0.0%,22,100.0%,11,23,,,,,,P0297
2023,単一リーグ,セミファイナル,13,クピドの悪戯,クレイジーダイヤモンド,4,14.7,3.7,2.50,"42,500点",11,"19,000点",1,1,1,1,25.0%,15,75.0%,19,15,,,,,,P0099
2023,単一リーグ,セミファイナル,14,☆けーすけ☆,星の砂 Stardust Collectors,2,9.8,4.9,2.50,"34,500点",17,"15,300点",1,0,0,1,50.0%,11,50.0%,25,11,,,,,,P0008
2023,単一リーグ,セミファイナル,15,おじょう,関西麻雀保安協会,1,6.4,6.4,2.00,"26,400点",27,"26,400点",0,1,0,0,0.0%,32,100.0%,17,18,,,,,,P0083
2023,単一リーグ,セミファイナル,16,はなびん,さわやかMJ野郎の会,1,6,6,2.00,"26,000点",29,"26,000点",0,1,0,0,0.0%,33,100.0%,18,19,,,,,,P0159
2023,単一リーグ,セミファイナル,17,5296,SSブルーバーズ,2,-1.7,-0.9,2.50,"50,700点",6,"-12,400点",1,0,0,1,50.0%,12,50.0%,26,12,,,,,,P0014
2023,単一リーグ,セミファイナル,18,久田賢太（最）,星の砂 Stardust Collectors,2,-8.2,-4.1,2.50,"32,700点",18,"19,100点",0,1,1,0,0.0%,23,100.0%,12,24,,,,,,P0243
2023,単一リーグ,セミファイナル,19,黒太郎@SMY会,さわやかMJ野郎の会,2,-13,-6.5,2.50,"35,500点",16,"-8,500点",1,0,0,1,50.0%,13,50.0%,27,13,,,,,,P0260
2023,単一リーグ,セミファイナル,20,エデン,SSブルーバーズ,2,-20.9,-10.5,2.50,"28,500点",24,"10,600点",0,1,1,0,0.0%,24,100.0%,13,25,,,,,,P0076
2023,単一リーグ,セミファイナル,21,海賊王,さわやかMJ野郎の会,4,-30.8,-7.7,2.75,"50,200点",7,"3,200点",1,1,0,2,25.0%,16,50.0%,23,16,,,,,,P0238
2023,単一リーグ,セミファイナル,22,アスラン,クレイジーダイヤモンド,2,-35.3,-17.7,3.00,"23,500点",30,"21,200点",0,0,2,0,0.0%,25,100.0%,14,26,,,,,,P0068
2023,単一リーグ,セミファイナル,23,Hara,SSブルーバーズ,3,-40.2,-13.4,2.67,"29,200点",23,"10,300点",0,1,2,0,0.0%,19,100.0%,4,33,,,,,,P0029
2023,単一リーグ,セミファイナル,24,小麦さん,さわやかMJ野郎の会,2,-49.1,-24.6,3.00,"32,000点",19,"-1,100点",0,1,0,1,0.0%,26,50.0%,28,27,,,,,,P0274
2023,単一リーグ,セミファイナル,25,こーきゅんっ,星の砂 Stardust Collectors,3,-49.6,-16.5,2.67,"28,000点",25,-500点,0,2,0,1,0.0%,20,66.7%,21,34,,,,,,P0103
2023,単一リーグ,セミファイナル,26,ボスゆっくん,星の砂 Stardust Collectors,1,-51.4,-51.4,4.00,"8,600点",34,"8,600点",0,0,0,1,0.0%,34,0.0%,34,20,,,,,,P0180
2023,単一リーグ,セミファイナル,27,サヴェ,SSブルーバーズ,1,-51.7,-51.7,4.00,"8,300点",35,"8,300点",0,0,0,1,0.0%,35,0.0%,35,21,,,,,,P0107
2023,単一リーグ,セミファイナル,28,えりんぼパパ,関西麻雀保安協会,1,-52,-52,4.00,"8,000点",36,"8,000点",0,0,0,1,0.0%,36,0.0%,36,22,,,,,,P0077
2023,単一リーグ,セミファイナル,29,富士山,関西麻雀保安協会,2,-54.4,-27.2,3.50,"26,100点",28,"19,500点",0,0,1,1,0.0%,27,50.0%,29,28,,,,,,P0309
2023,単一リーグ,セミファイナル,30,石川安牌,関西麻雀保安協会,4,-58.1,-14.5,3.00,"44,200点",10,"-4,200点",1,0,1,2,25.0%,17,50.0%,24,17,,,,,,P0284
2023,単一リーグ,セミファイナル,31,＠みち,SSブルーバーズ,2,-69.2,-34.6,3.50,"22,600点",31,"8,200点",0,0,1,1,0.0%,28,50.0%,30,29,,,,,,P0004
2023,単一リーグ,セミファイナル,32,Blue-K18,さわやかMJ野郎の会,2,-84.3,-42.2,3.50,"13,300点",33,"2,400点",0,0,1,1,0.0%,29,50.0%,31,30,,,,,,P0018
2023,単一リーグ,セミファイナル,33,ソニア@SMY会,さわやかMJ野郎の会,2,-87.2,-43.6,3.50,"26,800点",26,"-14,000点",0,0,1,1,0.0%,30,50.0%,32,31,,,,,,P0127
2023,単一リーグ,セミファイナル,34,神楽琴音,関西麻雀保安協会,3,-87.5,-29.2,3.33,"30,400点",20,"11,000点",0,0,2,1,0.0%,21,66.7%,22,35,,,,,,P0281
2023,単一リーグ,セミファイナル,35,ぶっこみ,クレイジーダイヤモンド,4,-93.8,-23.5,3.00,"40,000点",14,"-4,000点",0,1,2,1,0.0%,18,75.0%,20,36,,,,,,P0166
2023,単一リーグ,セミファイナル,36,おむ,SSブルーバーズ,2,-104.3,-52.2,3.50,"16,600点",32,"-20,900点",0,0,1,1,0.0%,31,50.0%,33,32,,,,,,P0086
2023,単一リーグ,ファイナル,1,太郎,クレイジーダイヤモンド,2,122.6,61.3,1.00,"46,700点",5,"35,900点",2,0,0,0,100.0%,1,100.0%,1,1,,,,,,P0294
2023,単一リーグ,ファイナル,2,PPPするぞ★,星の砂 Stardust Collectors,2,122,61,1.00,"46,600点",6,"35,400点",2,0,0,0,100.0%,2,100.0%,2,2,,,,,,P0050
2023,単一リーグ,ファイナル,3,海賊王,さわやかMJ野郎の会,2,81.5,40.8,1.50,"51,000点",3,"30,500点",1,1,0,0,50.0%,6,100.0%,3,6,,,,,,P0238
2023,単一リーグ,ファイナル,4,ハナノア,SSブルーバーズ,1,80.6,80.6,1.00,"60,600点",1,"60,600点",1,0,0,0,100.0%,3,100.0%,10,3,,,,,,P0158
2023,単一リーグ,ファイナル,5,5296,SSブルーバーズ,2,73,36.5,1.50,"39,400点",11,"33,600点",1,1,0,0,50.0%,7,100.0%,4,7,,,,,,P0014
2023,単一リーグ,ファイナル,6,エデン,SSブルーバーズ,1,64.1,64.1,1.00,"44,100点",8,"44,100点",1,0,0,0,100.0%,4,100.0%,11,4,,,,,,P0076
2023,単一リーグ,ファイナル,7,三坂宏太朗@最,SSブルーバーズ,2,61.2,30.6,1.50,"31,000点",12,"30,200点",1,1,0,0,50.0%,8,100.0%,5,8,,,,,,P0263
2023,単一リーグ,ファイナル,8,クピドの悪戯,クレイジーダイヤモンド,1,60.3,60.3,1.00,"40,300点",9,"40,300点",1,0,0,0,100.0%,5,100.0%,12,5,,,,,,P0099
2023,単一リーグ,ファイナル,9,黙示録@SMY会,さわやかMJ野郎の会,3,41.3,13.8,2.33,"56,300点",2,"17,300点",1,1,0,1,33.3%,9,66.7%,20,9,,,,,,P0316
2023,単一リーグ,ファイナル,10,☆けーすけ☆,星の砂 Stardust Collectors,1,19.7,19.7,2.00,"39,700点",10,"39,700点",0,1,0,0,0.0%,18,100.0%,13,11,,,,,,P0008
2023,単一リーグ,ファイナル,11,つよ@SMY会,さわやかMJ野郎の会,1,10.2,10.2,2.00,"30,200点",14,"30,200点",0,1,0,0,0.0%,19,100.0%,14,12,,,,,,P0139
2023,単一リーグ,ファイナル,12,店長倍損の上司,星の砂 Stardust Collectors,2,9.5,4.8,2.50,"47,300点",4,"22,200点",0,1,1,0,0.0%,13,100.0%,6,23,,,,,,P0302
2023,単一リーグ,ファイナル,13,Blue-K18,さわやかMJ野郎の会,1,7.2,7.2,2.00,"27,200点",16,"27,200点",0,1,0,0,0.0%,20,100.0%,15,13,,,,,,P0018
2023,単一リーグ,ファイナル,14,ぶっこみ,クレイジーダイヤモンド,3,-0.1,0,2.67,"46,600点",6,"5,900点",1,0,1,1,33.3%,10,66.7%,21,10,,,,,,P0166
2023,単一リーグ,ファイナル,15,こーきゅんっ,星の砂 Stardust Collectors,2,-7.6,-3.8,2.50,"31,000点",12,"21,400点",0,1,1,0,0.0%,14,100.0%,7,24,,,,,,P0103
2023,単一リーグ,ファイナル,16,はなびん,さわやかMJ野郎の会,1,-10.9,-10.9,3.00,"29,100点",15,"29,100点",0,0,1,0,0.0%,21,100.0%,16,14,,,,,,P0159
2023,単一リーグ,ファイナル,17,使いの空,クレイジーダイヤモンド,1,-13,-13,3.00,"27,000点",17,"27,000点",0,0,1,0,0.0%,22,100.0%,17,15,,,,,,P0264
2023,単一リーグ,ファイナル,18,鞘,星の砂 Stardust Collectors,1,-23.4,-23.4,3.00,"16,600点",22,"16,600点",0,0,1,0,0.0%,23,100.0%,18,16,,,,,,P0278
2023,単一リーグ,ファイナル,19,全速ゆーへい,星の砂 Stardust Collectors,2,-43.7,-21.9,3.00,"21,900点",19,"14,400点",0,0,2,0,0.0%,15,100.0%,8,25,,,,,,P0291
2023,単一リーグ,ファイナル,20,ボスゆっくん,星の砂 Stardust Collectors,1,-45.7,-45.7,4.00,"14,300点",23,"14,300点",0,0,0,1,0.0%,24,0.0%,24,17,,,,,,P0180
2023,単一リーグ,ファイナル,21,サヴェ,SSブルーバーズ,1,-46.6,-46.6,4.00,"13,400点",24,"13,400点",0,0,0,1,0.0%,25,0.0%,25,18,,,,,,P0107
2023,単一リーグ,ファイナル,22,黒太郎@SMY会,さわやかMJ野郎の会,2,-50,-25,3.00,"19,700点",21,"10,300点",0,0,2,0,0.0%,16,100.0%,9,26,,,,,,P0260
2023,単一リーグ,ファイナル,23,Hara,SSブルーバーズ,1,-53,-53,4.00,"7,000点",25,"7,000点",0,0,0,1,0.0%,26,0.0%,26,19,,,,,,P0029
2023,単一リーグ,ファイナル,24,小麦さん,さわやかMJ野郎の会,1,-53.7,-53.7,4.00,"6,300点",26,"6,300点",0,0,0,1,0.0%,27,0.0%,27,20,,,,,,P0274
2023,単一リーグ,ファイナル,25,久田賢太（最）,星の砂 Stardust Collectors,1,-55.7,-55.7,4.00,"4,300点",28,"4,300点",0,0,0,1,0.0%,28,0.0%,28,21,,,,,,P0243
2023,単一リーグ,ファイナル,26,ソニア@SMY会,さわやかMJ野郎の会,1,-58.8,-58.8,4.00,"1,200点",29,"1,200点",0,0,0,1,0.0%,29,0.0%,29,22,,,,,,P0127
2023,単一リーグ,ファイナル,27,＠みち,SSブルーバーズ,4,-70.5,-17.6,2.75,"24,900点",18,"-1,700点",0,2,1,1,0.0%,11,75.0%,19,29,,,,,,P0004
2023,単一リーグ,ファイナル,28,アスラン,クレイジーダイヤモンド,3,-96.9,-32.3,3.00,"21,900点",19,"-2,200点",0,1,1,1,0.0%,12,66.7%,22,28,,,,,,P0068
2023,単一リーグ,ファイナル,29,大明槓嶺上開花,クレイジーダイヤモンド,2,-123.6,-61.8,4.00,"5,700点",27,"-9,300点",0,0,0,2,0.0%,17,0.0%,23,27,,,,,,P0297
2023,単一リーグ,レギュラー,1,黙示録@SMY会,さわやかMJ野郎の会,8,328.4,41.1,1.38,"50,700点",30,"21,900点",5,3,0,0,62.5%,1,100.0%,4,2,1,4,2,29,1,P0316
2023,単一リーグ,レギュラー,2,HAGI,TEAMS Rabbit_Yohan,12,228.4,19,2.00,"69,600点",2,"15,400点",5,2,5,0,41.7%,13,100.0%,1,5,2,1,5,2,9,P0028
2023,単一リーグ,レギュラー,3,アスラン,クレイジーダイヤモンド,13,226.7,17.4,2.15,"69,100点",3,"6,200点",6,1,4,2,46.2%,10,84.6%,25,1,3,20,1,3,6,P0068
2023,単一リーグ,レギュラー,4,えりんぼパパ,関西麻雀保安協会,13,211.9,16.3,2.23,"50,600点",31,"15,400点",5,1,6,1,38.5%,17,92.3%,11,7,4,6,7,30,13,P0077
2023,単一リーグ,レギュラー,5,全速ゆーへい,星の砂 Stardust Collectors,10,204.9,20.5,2.00,"61,000点",11,"-30,700点",5,2,1,2,50.0%,2,80.0%,34,3,5,27,3,11,2,P0291
2023,単一リーグ,レギュラー,6,5296,SSブルーバーズ,12,196.7,16.4,2.17,"57,400点",15,-800点,5,2,3,2,41.7%,14,83.3%,28,6,6,23,6,15,10,P0014
2023,単一リーグ,レギュラー,7,☆けーすけ☆,星の砂 Stardust Collectors,11,189.3,17.2,2.00,"48,500点",37,100点,4,4,2,1,36.4%,20,90.9%,12,14,7,7,14,36,16,P0008
2023,単一リーグ,レギュラー,8,マリア-style,レッドリボン軍,10,189.2,18.9,2.00,"48,200点",39,"11,300点",5,2,1,2,50.0%,3,80.0%,35,4,8,28,4,38,3,P0189
2023,単一リーグ,レギュラー,9,ボスゆっくん,星の砂 Stardust Collectors,8,187.8,23.5,2.00,"47,100点",41,"14,500点",4,1,2,1,50.0%,4,87.5%,21,8,9,16,8,40,4,P0180
2023,単一リーグ,レギュラー,10,きさささ,たちこまーず,9,171.3,19,2.00,"54,400点",18,"10,900点",3,3,3,0,33.3%,22,100.0%,3,20,10,3,18,18,18,P0094
2023,単一リーグ,レギュラー,11,サヴェ,SSブルーバーズ,8,164.5,20.6,2.13,"54,400点",18,"7,500点",4,0,3,1,50.0%,5,87.5%,22,9,11,17,9,19,5,P0107
2023,単一リーグ,レギュラー,12,エデン,SSブルーバーズ,6,151.2,25.2,1.83,"42,800点",54,"19,700点",3,1,2,0,50.0%,6,100.0%,6,16,,,,,,P0076
2023,単一リーグ,レギュラー,13,ハナノア,SSブルーバーズ,11,147.3,13.4,2.18,"53,700点",20,"-10,100点",3,5,1,2,27.3%,33,81.8%,31,25,12,24,23,20,26,P0158
2023,単一リーグ,レギュラー,14,Hara,SSブルーバーズ,8,127.3,15.9,2.25,"66,200点",5,"7,300点",3,1,3,1,37.5%,18,87.5%,23,18,13,18,16,5,14,P0029
2023,単一リーグ,レギュラー,15,ねこます,最強位ズ,11,125.9,11.4,2.18,"58,100点",14,"2,300点",3,4,3,1,27.3%,34,90.9%,13,26,14,8,24,14,27,P0155
2023,単一リーグ,レギュラー,16,海賊王,さわやかMJ野郎の会,12,123.5,10.3,2.17,"51,100点",27,"7,500点",2,6,4,0,16.7%,56,100.0%,2,50,15,2,46,26,46,P0238
2023,単一リーグ,レギュラー,17,神楽琴音,関西麻雀保安協会,6,122.2,20.4,2.00,"46,900点",42,"10,700点",3,1,1,1,50.0%,7,83.3%,29,17,,,,,,P0281
2023,単一リーグ,レギュラー,18,使いの空,クレイジーダイヤモンド,4,121.3,30.3,1.75,"52,400点",25,"18,100点",2,1,1,0,50.0%,8,100.0%,8,32,,,,,,P0264
2023,単一リーグ,レギュラー,19,ブリトニー,レッドリボン軍,8,114.4,14.3,2.13,"42,100点",56,"11,300点",3,3,0,2,37.5%,19,75.0%,45,19,16,38,17,50,15,P0169
2023,単一リーグ,レギュラー,20,上野あいみ,SILVER WOLVES,9,113.3,12.6,2.11,"50,800点",29,"9,400点",3,3,2,1,33.3%,23,88.9%,18,21,17,13,19,28,19,P0279
2023,単一リーグ,レギュラー,21,玉緒,関西麻雀保安協会,10,103.3,10.3,2.10,"61,300点",8,"-5,200点",4,3,1,2,40.0%,15,80.0%,36,12,18,29,12,8,11,P0251
2023,単一リーグ,レギュラー,22,リョータ,最強位ズ,11,99.8,9.1,2.09,"41,300点",58,"-10,900点",4,4,1,2,36.4%,21,81.8%,32,15,19,25,15,52,17,P0217
2023,単一リーグ,レギュラー,23,こーきゅんっ,星の砂 Stardust Collectors,4,98.7,24.7,1.75,"37,300点",74,"13,300点",2,1,1,0,50.0%,9,100.0%,9,33,,,,,,P0103
2023,単一リーグ,レギュラー,24,＠みち,SSブルーバーズ,9,94.9,10.5,2.33,"61,300点",8,"-7,000点",3,2,2,2,33.3%,24,77.8%,38,22,20,31,20,9,20,P0004
2023,単一リーグ,レギュラー,25,ま〜ぢゃん,TEAMS Rabbit_Yohan,10,79,7.9,2.30,"55,100点",16,"2,500点",4,2,1,3,40.0%,16,70.0%,53,13,21,45,13,16,12,P0183
2023,単一リーグ,レギュラー,26,ミズゴロウ♂,最強位ズ,10,76.2,7.6,2.30,"40,700点",60,"11,800点",3,2,4,1,30.0%,29,90.0%,16,24,22,11,22,54,22,P0193
2023,単一リーグ,レギュラー,27,鞘,星の砂 Stardust Collectors,9,74.1,8.2,2.33,"44,900点",48,"12,300点",3,1,4,1,33.3%,25,88.9%,19,23,23,14,21,44,21,P0278
2023,単一リーグ,レギュラー,28,よつば@tobi89,たちこまーず,10,69.1,6.9,2.20,"44,400点",50,"10,700点",1,7,1,1,10.0%,70,90.0%,17,70,24,12,58,46,58,P0211
2023,単一リーグ,レギュラー,29,MS,TEAMS Rabbit_Yohan,9,67.7,7.5,2.44,"62,400点",7,"-9,000点",4,0,2,3,44.4%,11,66.7%,58,10,25,50,10,7,7,P0043
2023,単一リーグ,レギュラー,30,太郎,クレイジーダイヤモンド,13,62.7,4.8,2.31,"41,900点",57,"10,000点",3,5,3,2,23.1%,41,84.6%,26,29,26,21,27,51,32,P0294
2023,単一リーグ,レギュラー,31,ソニア@SMY会,さわやかMJ野郎の会,11,58.1,5.3,2.36,"52,900点",23,"3,600点",2,4,4,1,18.2%,54,90.9%,14,48,27,9,44,23,44,P0127
2023,単一リーグ,レギュラー,32,かうzじゅき,関西麻雀保安協会,6,58,9.7,2.17,"42,400点",55,"17,200点",1,3,2,0,16.7%,58,100.0%,7,58,,,,,,P0088
2023,単一リーグ,レギュラー,33,とらちゃん,TEAMS Rabbit_Yohan,8,55.5,6.9,2.25,"67,800点",4,"-7,900点",2,4,0,2,25.0%,37,75.0%,46,37,28,39,33,4,30,P0147
2023,単一リーグ,レギュラー,34,Blue-K18,さわやかMJ野郎の会,8,54.9,6.9,2.13,"39,800点",65,"14,200点",1,5,2,0,12.5%,65,100.0%,5,65,29,5,53,57,53,P0018
2023,単一リーグ,レギュラー,35,めいあおいトト,レッドリボン軍,8,48.8,6.1,2.38,"60,300点",12,"2,600点",2,3,1,2,25.0%,38,75.0%,47,38,30,40,34,12,31,P0197
2023,単一リーグ,レギュラー,36,ひぽきよし,TEAMS Rabbit_Yohan,7,44.7,6.4,2.29,"48,600点",35,"-1,100点",2,3,0,2,28.6%,30,71.4%,50,34,31,42,30,34,23,P0162
2023,単一リーグ,レギュラー,37,石川安牌,関西麻雀保安協会,9,36.5,4.1,2.44,"53,300点",22,"5,400点",2,3,2,2,22.2%,44,77.8%,39,39,32,32,35,22,35,P0284
2023,単一リーグ,レギュラー,38,まーくん RMU,SILVER WOLVES,9,33.3,3.7,2.33,"46,100点",45,"-1,000点",2,3,3,1,22.2%,45,88.9%,20,40,33,15,36,42,36,P0184
2023,単一リーグ,レギュラー,39,あいだなつ,SILVER WOLVES,9,32.3,3.6,2.44,"59,500点",13,"-5,500点",4,0,2,3,44.4%,12,66.7%,59,11,34,51,11,13,8,P0066
2023,単一リーグ,レギュラー,40,ダーツー,関西麻雀保安協会,3,29,9.7,2.33,"46,400点",44,"6,800点",1,1,0,1,33.3%,26,66.7%,60,52,,,,,,P0128
2023,単一リーグ,レギュラー,41,阿賀寿直,SILVER WOLVES,11,22.9,2.1,2.36,"44,700点",49,"10,700点",2,5,2,2,18.2%,55,81.8%,33,49,35,26,45,45,45,P0228
2023,単一リーグ,レギュラー,42,つよ@SMY会,さわやかMJ野郎の会,4,22.4,5.6,2.25,"40,100点",64,"22,700点",0,3,1,0,0.0%,83,100.0%,10,76,,,,,,P0139
2023,単一リーグ,レギュラー,43,まさるさん,レッドリボン軍,3,0.6,0.2,2.67,"45,900点",46,"12,500点",1,0,1,1,33.3%,27,66.7%,61,53,,,,,,P0185
2023,単一リーグ,レギュラー,44,久田賢太（最）,星の砂 Stardust Collectors,10,-1.8,-0.2,2.40,"39,000点",70,"4,500点",2,4,2,2,20.0%,50,80.0%,37,45,36,30,41,61,41,P0243
2023,単一リーグ,レギュラー,45,大明槓嶺上開花,クレイジーダイヤモンド,13,-6.2,-0.5,2.46,"54,800点",17,"2,200点",3,3,5,2,23.1%,42,84.6%,27,30,37,22,28,17,33,P0297
2023,単一リーグ,レギュラー,46,としや,たちこまーず,4,-9.5,-2.4,2.50,"40,700点",60,"-2,600点",1,1,1,1,25.0%,39,75.0%,49,55,,,,,,P0142
2023,単一リーグ,レギュラー,47,石川和男npm,SILVER WOLVES,11,-9.6,-0.9,2.45,"44,100点",51,"6,400点",1,5,4,1,9.1%,75,90.9%,15,75,38,10,63,47,63,P0285
2023,単一リーグ,レギュラー,48,PPPするぞ★,星の砂 Stardust Collectors,11,-9.8,-0.9,2.73,"65,900点",6,"-3,600点",3,1,3,4,27.3%,35,63.6%,62,27,39,52,25,6,28,P0050
2023,単一リーグ,レギュラー,49,シクラメン富男,たちこまーず,9,-15,-1.7,2.67,"45,100点",47,"11,500点",2,1,4,2,22.2%,46,77.8%,40,41,40,33,37,43,37,P0113
2023,単一リーグ,レギュラー,50,小倉唯,レッドリボン軍,8,-26.6,-3.3,2.38,"37,800点",72,900点,0,6,1,1,0.0%,76,87.5%,24,84,41,19,66,63,64,P0273
2023,単一リーグ,レギュラー,51,黒太郎@SMY会,さわやかMJ野郎の会,13,-29.5,-2.3,2.54,"43,900点",52,"6,300点",3,3,4,3,23.1%,43,76.9%,43,31,42,36,29,48,34,P0260
2023,単一リーグ,レギュラー,52,はち,たちこまーず,9,-35.3,-3.9,2.56,"52,700点",24,"-4,400点",1,4,2,2,11.1%,66,77.8%,41,66,43,34,54,24,54,P0157
2023,単一リーグ,レギュラー,53,クピドの悪戯,クレイジーダイヤモンド,12,-41.6,-3.5,2.58,"46,500点",43,"5,800点",3,2,4,3,25.0%,36,75.0%,44,28,44,37,26,41,29,P0099
2023,単一リーグ,レギュラー,54,バロン,関西麻雀保安協会,9,-42.3,-4.7,2.56,"41,300点",58,"-7,000点",2,2,3,2,22.2%,47,77.8%,42,42,45,35,38,53,38,P0161
2023,単一リーグ,レギュラー,55,班長,たちこまーず,7,-43.3,-6.2,2.71,"48,500点",37,"-1,300点",2,1,1,3,28.6%,31,57.1%,66,35,46,55,31,37,24,P0308
2023,単一リーグ,レギュラー,56,レッド総帥,レッドリボン軍,7,-50.1,-7.2,2.57,"40,700点",60,"3,300点",1,3,1,2,14.3%,60,71.4%,51,60,47,43,48,55,48,P0221
2023,単一リーグ,レギュラー,57,レッドスター,レッドリボン軍,6,-53.5,-8.9,2.83,"36,500点",75,"15,800点",1,0,4,1,16.7%,59,83.3%,30,59,,,,,,P0220
2023,単一リーグ,レギュラー,58,三坂宏太朗@最,SSブルーバーズ,5,-55.3,-11.1,2.80,"37,500点",73,"1,000点",1,1,1,2,20.0%,53,60.0%,65,57,,,,,,P0263
2023,単一リーグ,レギュラー,59,淳之介,SILVER WOLVES,4,-59.7,-14.9,2.75,"30,400点",82,-500点,1,1,0,2,25.0%,40,50.0%,74,56,,,,,,P0269
2023,単一リーグ,レギュラー,60,桃瀬古都,SSブルーバーズ,3,-61,-20.3,3.00,"35,300点",76,"-1,800点",1,0,0,2,33.3%,28,33.3%,83,54,,,,,,P0305
2023,単一リーグ,レギュラー,61,w11ヨハン,TEAMS Rabbit_Yohan,7,-63.5,-9.1,2.86,"50,400点",32,"7,200点",2,0,2,3,28.6%,32,57.1%,67,36,48,56,32,31,25,P0062
2023,単一リーグ,レギュラー,62,Hiromu,最強位ズ,10,-69.6,-7,2.80,"51,700点",26,-800点,2,1,4,3,20.0%,51,70.0%,54,46,49,46,42,25,42,P0030
2023,単一リーグ,レギュラー,63,富士山,関西麻雀保安協会,4,-76.3,-19.1,3.00,"39,100点",69,"12,700点",0,2,0,2,0.0%,84,50.0%,75,77,,,,,,P0309
2023,単一リーグ,レギュラー,64,かぴ,たちこまーず,7,-83.1,-11.9,2.86,"49,000点",34,"8,800点",1,1,3,2,14.3%,61,71.4%,52,61,50,44,49,33,49,P0092
2023,単一リーグ,レギュラー,65,松崎真也＠協会,SILVER WOLVES,12,-86.7,-7.2,2.75,"85,100点",1,-700点,2,3,3,4,16.7%,57,66.7%,57,51,51,49,47,1,47,P0276
2023,単一リーグ,レギュラー,66,TOSH,レッドリボン軍,9,-106.1,-11.8,2.89,"49,300点",33,"2,800点",2,1,2,4,22.2%,48,55.6%,69,43,52,58,39,32,39,P0058
2023,単一リーグ,レギュラー,67,うわぁーん,TEAMS Rabbit_Yohan,4,-109.3,-27.3,3.25,"26,700点",85,"9,600点",0,1,1,2,0.0%,85,50.0%,76,78,,,,,,P0073
2023,単一リーグ,レギュラー,68,ジャング,クレイジーダイヤモンド,8,-128.7,-16.1,2.88,"47,600点",40,"-13,500点",0,3,3,2,0.0%,77,75.0%,48,85,53,41,67,39,65,P0115
2023,単一リーグ,レギュラー,69,おむ,SSブルーバーズ,10,-137.1,-13.7,2.80,"40,500点",63,"6,200点",1,3,3,3,10.0%,71,70.0%,55,71,54,47,59,56,59,P0086
2023,単一リーグ,レギュラー,70,たちこま,たちこまーず,10,-138.9,-13.9,2.80,"53,600点",21,"-12,000点",2,3,0,5,20.0%,52,50.0%,72,47,55,61,43,21,43,P0134
2023,単一リーグ,レギュラー,71,ぶっこみ,クレイジーダイヤモンド,9,-146.6,-16.3,3.00,"39,600点",66,"-17,000点",2,1,1,5,22.2%,49,44.4%,77,44,56,62,40,58,40,P0166
2023,単一リーグ,レギュラー,72,まびたん,最強位ズ,10,-161.8,-16.2,2.90,"61,300点",8,"1,600点",1,2,4,3,10.0%,72,70.0%,56,72,57,48,60,10,60,P0187
2023,単一リーグ,レギュラー,73,yanase@RMU,レッドリボン軍,7,-170.8,-24.4,3.14,"39,600点",66,"1,000点",0,2,2,3,0.0%,78,57.1%,68,82,58,57,64,59,66,P0063
2023,単一リーグ,レギュラー,74,おじょう,関西麻雀保安協会,5,-173.9,-34.8,3.60,"31,300点",79,"7,600点",0,0,2,3,0.0%,82,40.0%,82,79,,,,,,P0083
2023,単一リーグ,レギュラー,75,川端由紀　＠最,SILVER WOLVES,7,-200.4,-28.6,3.29,"50,900点",28,"-5,400点",1,0,2,4,14.3%,62,42.9%,79,62,59,64,50,27,50,P0289
2023,単一リーグ,レギュラー,76,(∵),TEAMS Rabbit_Yohan,9,-201.8,-22.4,3.11,"39,400点",68,"4,000点",1,1,3,4,11.1%,67,55.6%,70,67,60,59,55,60,55,P0003
2023,単一リーグ,レギュラー,77,かじ,レッドリボン軍,6,-216,-36,3.33,"30,000点",83,"-20,000点",0,1,2,3,0.0%,80,50.0%,73,80,,,,,,P0090
2023,単一リーグ,レギュラー,78,おかめなつこ,たちこまーず,7,-224.5,-32.1,3.29,"32,300点",78,"-13,400点",1,0,2,4,14.3%,63,42.9%,80,63,61,65,51,65,51,P0080
2023,単一リーグ,レギュラー,79,小麦さん,さわやかMJ野郎の会,9,-225.4,-25,3.11,"39,000点",70,"-14,700点",1,1,3,4,11.1%,68,55.6%,71,68,62,60,56,62,56,P0274
2023,単一リーグ,レギュラー,80,ダイゴ,最強位ズ,10,-233,-23.3,3.10,"43,400点",53,"-3,500点",1,1,4,4,10.0%,73,60.0%,63,73,63,53,61,49,61,P0130
2023,単一リーグ,レギュラー,81,ばね。,関西麻雀保安協会,7,-234.7,-33.5,3.43,"31,000点",80,"-13,600点",1,0,1,5,14.3%,64,28.6%,84,64,64,67,52,66,52,P0160
2023,単一リーグ,レギュラー,82,ブ茶ラティ,最強位ズ,10,-253.8,-25.4,3.10,"48,600点",35,"-1,500点",1,1,4,4,10.0%,74,60.0%,64,74,65,54,62,35,62,P0171
2023,単一リーグ,レギュラー,83,店長倍損の上司,星の砂 Stardust Collectors,9,-254.7,-28.3,3.11,"34,500点",77,"-6,800点",1,2,1,5,11.1%,69,44.4%,78,69,66,63,57,64,57,P0302
2023,単一リーグ,レギュラー,84,はなびん,さわやかMJ野郎の会,7,-254.8,-36.4,3.29,"30,700点",81,"-19,000点",0,2,1,4,0.0%,79,42.9%,81,83,67,66,65,67,67,P0159
2023,単一リーグ,レギュラー,85,零王,TEAMS Rabbit_Yohan,6,-266.4,-44.4,3.67,"28,500点",84,"-3,800点",0,1,0,5,0.0%,81,16.7%,85,81,,,,,,P0322
2024,単一リーグ,セミファイナル,1,大明槓嶺上開花,クレイジーダイヤモンド,4,165.1,41.3,1.50,"57,000点",1,"27,100点",2,2,0,0,50.0%,5,100.0%,1,3,,,,,,P0297
2024,単一リーグ,セミファイナル,2,PPPするぞ★,星の砂_StardustCollectors,2,127.8,63.9,1.00,"46,500点",4,"41,300点",2,0,0,0,100.0%,1,100.0%,9,1,,,,,,P0050
2024,単一リーグ,セミファイナル,3,おむ,SSブルーバーズ,2,112.8,56.4,1.00,"39,800点",10,"33,000点",2,0,0,0,100.0%,2,100.0%,10,2,,,,,,P0086
2024,単一リーグ,セミファイナル,4,店長倍損の上司,星の砂_StardustCollectors,2,82.8,41.4,1.50,"44,100点",6,"38,700点",1,1,0,0,50.0%,6,100.0%,11,6,,,,,,P0302
2024,単一リーグ,セミファイナル,5,鈴木正道,SSブルーバーズ,3,75.6,25.2,1.67,"41,000点",9,"26,100点",1,2,0,0,33.3%,9,100.0%,2,9,,,,,,P0004
2024,単一リーグ,セミファイナル,6,☆けーすけ☆,星の砂_StardustCollectors,3,73.2,24.4,1.67,"39,100点",11,"26,000点",1,2,0,0,33.3%,10,100.0%,3,10,,,,,,P0008
2024,単一リーグ,セミファイナル,7,ゆき,うるてぃまうぇぽん,3,69.2,23.1,2.00,"54,300点",2,"23,900点",1,1,1,0,33.3%,11,100.0%,4,11,,,,,,P0206
2024,単一リーグ,セミファイナル,8,はなびん,さわやかMJ野郎の会,1,61.1,61.1,1.00,"41,100点",8,"41,100点",1,0,0,0,100.0%,3,100.0%,15,4,,,,,,P0159
2024,単一リーグ,セミファイナル,9,つよ,さわやかMJ野郎の会,1,52,52,1.00,"32,000点",17,"32,000点",1,0,0,0,100.0%,4,100.0%,16,5,,,,,,P0139
2024,単一リーグ,セミファイナル,10,石田亮太,SSブルーバーズ,2,37.4,18.7,2.00,"36,900点",15,"20,500点",1,0,1,0,50.0%,7,100.0%,12,7,,,,,,P0014
2024,単一リーグ,セミファイナル,11,サヴェ松田,SSブルーバーズ,3,34.6,11.5,2.00,"30,200点",20,"18,100点",1,1,1,0,33.3%,12,100.0%,5,12,,,,,,P0107
2024,単一リーグ,セミファイナル,12,全速ゆーへい,星の砂_StardustCollectors,3,27.4,9.1,2.33,"37,100点",14,"19,500点",1,0,2,0,33.3%,13,100.0%,6,13,,,,,,P0291
2024,単一リーグ,セミファイナル,13,エデン,SSブルーバーズ,1,24,24,2.00,"44,000点",7,"44,000点",0,1,0,0,0.0%,30,100.0%,17,19,,,,,,P0076
2024,単一リーグ,セミファイナル,14,≠暴れ妖狐≠,うるてぃまうぇぽん,3,23.6,7.9,2.00,"27,300点",23,"18,100点",1,1,1,0,33.3%,14,100.0%,7,14,,,,,,P0005
2024,単一リーグ,セミファイナル,15,K☆O☆U,星の砂_StardustCollectors,3,17.9,6,2.33,"47,600点",3,"13,500点",1,0,2,0,33.3%,15,100.0%,8,15,,,,,,P0035
2024,単一リーグ,セミファイナル,16,Blue-K18,さわやかMJ野郎の会,1,0.9,0.9,2.00,"20,900点",29,"20,900点",0,1,0,0,0.0%,31,100.0%,18,20,,,,,,P0018
2024,単一リーグ,セミファイナル,17,黙示録@SMY会,さわやかMJ野郎の会,4,-5.6,-1.4,2.50,"45,000点",5,"2,600点",1,1,1,1,25.0%,17,75.0%,22,17,,,,,,P0316
2024,単一リーグ,セミファイナル,18,優斗@SMY会,さわやかMJ野郎の会,2,-6.7,-3.4,2.50,"31,100点",18,"22,200点",0,1,1,0,0.0%,22,100.0%,13,25,,,,,,P0317
2024,単一リーグ,セミファイナル,19,強欲な壺,うるてぃまうぇぽん,2,-10.2,-5.1,2.50,"39,000点",12,"10,800点",0,1,1,0,0.0%,23,100.0%,14,26,,,,,,P0247
2024,単一リーグ,セミファイナル,20,ゆめみや,クレイジーダイヤモンド,5,-13.7,-2.7,2.60,"36,100点",16,"10,300点",1,2,0,2,20.0%,18,60.0%,23,18,,,,,,P0208
2024,単一リーグ,セミファイナル,21,アスラン,クレイジーダイヤモンド,1,-25,-25,3.00,"15,000点",32,"15,000点",0,0,1,0,0.0%,32,100.0%,19,21,,,,,,P0068
2024,単一リーグ,セミファイナル,22,桃瀬古都,SSブルーバーズ,1,-26.5,-26.5,3.00,"13,500点",33,"13,500点",0,0,1,0,0.0%,33,100.0%,20,22,,,,,,P0305
2024,単一リーグ,セミファイナル,23,鞘,星の砂_StardustCollectors,1,-28.2,-28.2,3.00,"11,800点",34,"11,800点",0,0,1,0,0.0%,34,100.0%,21,23,,,,,,P0278
2024,単一リーグ,セミファイナル,24,黒太郎@SMY会,さわやかMJ野郎の会,2,-39.7,-19.9,3.00,"29,300点",21,"11,000点",0,1,0,1,0.0%,24,50.0%,24,27,,,,,,P0260
2024,単一リーグ,セミファイナル,25,Hara,SSブルーバーズ,2,-40.6,-20.3,2.50,"28,300点",22,"-28,900点",1,0,0,1,50.0%,8,50.0%,25,8,,,,,,P0029
2024,単一リーグ,セミファイナル,26,セリス,うるてぃまうぇぽん,3,-54,-18,3.00,"30,700点",19,"-2,900点",1,0,0,2,33.3%,16,33.3%,31,16,,,,,,P0125
2024,単一リーグ,セミファイナル,27,おもも,クレイジーダイヤモンド,1,-54.8,-54.8,4.00,"5,200点",35,"5,200点",0,0,0,1,0.0%,35,0.0%,35,24,,,,,,P0087
2024,単一リーグ,セミファイナル,28,うるる,うるてぃまうぇぽん,2,-59.3,-29.7,3.50,"21,400点",28,"19,300点",0,0,1,1,0.0%,25,50.0%,26,28,,,,,,P0072
2024,単一リーグ,セミファイナル,28,海賊王,さわやかMJ野郎の会,2,-59.3,-29.7,3.00,"23,100点",26,"-2,400点",0,1,0,1,0.0%,25,50.0%,26,28,,,,,,P0238
2024,単一リーグ,セミファイナル,30,太郎,クレイジーダイヤモンド,2,-60.7,-30.4,3.50,"24,300点",24,"15,000点",0,0,1,1,0.0%,27,50.0%,28,30,,,,,,P0294
2024,単一リーグ,セミファイナル,31,ハナノア,SSブルーバーズ,2,-74.8,-37.4,3.50,"24,200点",25,"1,000点",0,0,1,1,0.0%,28,50.0%,29,31,,,,,,P0158
2024,単一リーグ,セミファイナル,31,川端由紀　＠最,星の砂_StardustCollectors,2,-74.8,-37.4,3.50,"22,100点",27,"3,100点",0,0,1,1,0.0%,28,50.0%,29,31,,,,,,P0289
2024,単一リーグ,セミファイナル,33,ソニア@SMY会,さわやかMJ野郎の会,3,-104.1,-34.7,3.67,"37,900点",13,"5,300点",0,0,1,2,0.0%,19,33.3%,32,33,,,,,,P0127
2024,単一リーグ,セミファイナル,34,いか,うるてぃまうぇぽん,3,-117,-39,3.67,"19,200点",31,"8,100点",0,0,1,2,0.0%,20,33.3%,33,34,,,,,,P0071
2024,単一リーグ,セミファイナル,35,クピドの悪戯,クレイジーダイヤモンド,3,-130.4,-43.5,4.00,"19,900点",30,"11,100点",0,0,0,3,0.0%,21,0.0%,34,35,,,,,,P0099
2024,単一リーグ,ファイナル,1,おもも,クレイジーダイヤモンド,2,133.8,66.9,1.00,"54,300点",2,"39,500点",2,0,0,0,100.0%,1,100.0%,3,1,,,,,,P0087
2024,単一リーグ,ファイナル,2,PPPするぞ★,星の砂_StardustCollectors,2,117.8,58.9,1.00,"42,400点",9,"35,400点",2,0,0,0,100.0%,2,100.0%,4,2,,,,,,P0050
2024,単一リーグ,ファイナル,3,久田賢太,星の砂_StardustCollectors,2,89.6,44.8,1.50,"71,100点",1,"18,500点",1,1,0,0,50.0%,4,100.0%,5,4,,,,,,P0243
2024,単一リーグ,ファイナル,4,深淵の独裁者,うるてぃまうぇぽん,2,77.9,39,1.50,"44,300点",8,"33,600点",1,1,0,0,50.0%,5,100.0%,6,5,,,,,,P0280
2024,単一リーグ,ファイナル,5,ハナノア,SSブルーバーズ,1,66.8,66.8,1.00,"46,800点",7,"46,800点",1,0,0,0,100.0%,3,100.0%,11,3,,,,,,P0158
2024,単一リーグ,ファイナル,6,石田亮太,SSブルーバーズ,3,41.9,14,2.33,"51,800点",4,"24,900点",1,0,2,0,33.3%,8,100.0%,2,8,,,,,,P0014
2024,単一リーグ,ファイナル,7,エデン,SSブルーバーズ,2,35.4,17.7,2.00,"48,700点",6,"6,700点",1,0,1,0,50.0%,6,100.0%,7,6,,,,,,P0076
2024,単一リーグ,ファイナル,8,アスラン,クレイジーダイヤモンド,4,24.9,6.2,2.25,"49,400点",5,"10,100点",1,1,2,0,25.0%,10,100.0%,1,10,,,,,,P0068
2024,単一リーグ,ファイナル,9,サヴェ松田,SSブルーバーズ,2,11.2,5.6,2.00,"28,000点",14,"23,200点",0,2,0,0,0.0%,11,100.0%,8,24,,,,,,P0107
2024,単一リーグ,ファイナル,10,うるる,うるてぃまうぇぽん,1,10.3,10.3,2.00,"30,300点",12,"30,300点",0,1,0,0,0.0%,17,100.0%,12,11,,,,,,P0072
2024,単一リーグ,ファイナル,11,全速ゆーへい,星の砂_StardustCollectors,2,9.7,4.9,2.50,"34,500点",10,"15,200点",1,0,0,1,50.0%,7,50.0%,19,7,,,,,,P0291
2024,単一リーグ,ファイナル,12,太郎,クレイジーダイヤモンド,1,5.4,5.4,2.00,"25,400点",17,"25,400点",0,1,0,0,0.0%,18,100.0%,13,12,,,,,,P0294
2024,単一リーグ,ファイナル,13,クピドの悪戯,クレイジーダイヤモンド,1,-3.3,-3.3,2.00,"16,700点",21,"16,700点",0,1,0,0,0.0%,19,100.0%,14,13,,,,,,P0099
2024,単一リーグ,ファイナル,14,川端由紀　＠最,星の砂_StardustCollectors,1,-15,-15,3.00,"25,000点",18,"25,000点",0,0,1,0,0.0%,20,100.0%,15,14,,,,,,P0289
2024,単一リーグ,ファイナル,15,セリス,うるてぃまうぇぽん,1,-17.9,-17.9,3.00,"22,100点",20,"22,100点",0,0,1,0,0.0%,21,100.0%,16,15,,,,,,P0125
2024,単一リーグ,ファイナル,16,ゆめみや,クレイジーダイヤモンド,2,-18.6,-9.3,2.50,"25,700点",16,"15,700点",0,1,1,0,0.0%,12,100.0%,9,25,,,,,,P0208
2024,単一リーグ,ファイナル,17,≠暴れ妖狐≠,うるてぃまうぇぽん,3,-21.5,-7.2,3.00,"52,800点",3,"11,800点",1,0,0,2,33.3%,9,33.3%,23,9,,,,,,P0005
2024,単一リーグ,ファイナル,18,K☆O☆U,星の砂_StardustCollectors,1,-23.7,-23.7,3.00,"16,300点",22,"16,300点",0,0,1,0,0.0%,22,100.0%,17,16,,,,,,P0035
2024,単一リーグ,ファイナル,19,Hara,SSブルーバーズ,1,-24.6,-24.6,3.00,"15,400点",23,"15,400点",0,0,1,0,0.0%,23,100.0%,18,17,,,,,,P0029
2024,単一リーグ,ファイナル,20,大明槓嶺上開花,クレイジーダイヤモンド,2,-32.5,-16.3,3.00,"27,900点",15,"19,600点",0,0,2,0,0.0%,13,100.0%,10,26,,,,,,P0297
2024,単一リーグ,ファイナル,21,鈴木正道,SSブルーバーズ,2,-43.5,-21.8,3.00,"30,100点",13,"6,400点",0,1,0,1,0.0%,14,50.0%,20,27,,,,,,P0004
2024,単一リーグ,ファイナル,22,ゆうたん,うるてぃまうぇぽん,1,-44.8,-44.8,4.00,"15,200点",24,"15,200点",0,0,0,1,0.0%,24,0.0%,24,18,,,,,,P0204
2024,単一リーグ,ファイナル,23,いか,うるてぃまうぇぽん,1,-48.5,-48.5,4.00,"11,500点",25,"11,500点",0,0,0,1,0.0%,25,0.0%,25,19,,,,,,P0071
2024,単一リーグ,ファイナル,24,鞘,星の砂_StardustCollectors,1,-49.3,-49.3,4.00,"10,700点",26,"10,700点",0,0,0,1,0.0%,26,0.0%,26,20,,,,,,P0278
2024,単一リーグ,ファイナル,25,ゆき,うるてぃまうぇぽん,2,-51.4,-25.7,3.00,"23,100点",19,"5,500点",0,1,0,1,0.0%,15,50.0%,21,28,,,,,,P0206
2024,単一リーグ,ファイナル,26,おむ,SSブルーバーズ,1,-55,-55,4.00,"5,000点",27,"5,000点",0,0,0,1,0.0%,27,0.0%,27,21,,,,,,P0086
2024,単一リーグ,ファイナル,27,強欲な壺,うるてぃまうぇぽん,1,-55.8,-55.8,4.00,"4,200点",28,"4,200点",0,0,0,1,0.0%,28,0.0%,28,22,,,,,,P0247
2024,単一リーグ,ファイナル,28,店長倍損の上司,星の砂_StardustCollectors,2,-59.3,-29.7,3.00,"30,700点",11,"-10,000点",0,1,0,1,0.0%,16,50.0%,22,29,,,,,,P0302
2024,単一リーグ,ファイナル,29,☆けーすけ☆,星の砂_StardustCollectors,1,-60,-60,4.00,0点,29,0点,0,0,0,1,0.0%,29,0.0%,29,23,,,,,,P0008
2024,単一リーグ,レギュラー,1,クピドの悪戯,クレイジーダイヤモンド,14,374.8,26.8,1.86,"79,000点",2,"-12,000点",6,5,2,1,42.9%,8,92.9%,12,2,1,8,2,2,6,P0099
2024,単一リーグ,レギュラー,2,溝渕智也,Team MJ lovers,12,329.5,27.5,1.83,"53,800点",25,"13,800点",6,2,4,0,50.0%,3,100.0%,1,1,2,1,1,24,3,P0259
2024,単一リーグ,レギュラー,3,K☆O☆U,星の砂_StardustCollectors,11,275.4,25,1.82,"60,800点",17,"18,800点",5,3,3,0,45.5%,6,100.0%,2,5,3,2,5,17,4,P0035
2024,単一リーグ,レギュラー,4,久田賢太,星の砂_StardustCollectors,8,251.5,31.4,1.88,"70,500点",6,"10,600点",5,1,0,2,62.5%,1,75.0%,40,4,4,34,4,6,1,P0243
2024,単一リーグ,レギュラー,5,大明槓嶺上開花,クレイジーダイヤモンド,7,239.6,34.2,1.86,"61,200点",15,"-2,400点",4,1,1,1,57.1%,2,85.7%,21,8,5,17,8,15,2,P0297
2024,単一リーグ,レギュラー,6,太郎,クレイジーダイヤモンド,17,225.9,13.3,2.12,"78,500点",3,"5,800点",6,4,6,1,35.3%,22,94.1%,11,3,6,7,3,3,18,P0294
2024,単一リーグ,レギュラー,7,キラ、,MJ東京,9,197.8,22,2.00,"66,900点",11,"13,200点",4,2,2,1,44.4%,7,88.9%,17,9,7,13,9,11,5,P0096
2024,単一リーグ,レギュラー,8,強欲な壺,うるてぃまうぇぽん,10,184.5,18.5,2.30,"97,700点",1,"9,400点",3,2,4,1,30.0%,28,90.0%,15,23,8,11,22,1,22,P0247
2024,単一リーグ,レギュラー,9,ysk,Team MJ lovers,11,157.6,14.3,1.91,"59,900点",18,"7,000点",3,6,2,0,27.3%,36,100.0%,3,28,9,3,27,18,30,P0065
2024,単一リーグ,レギュラー,10,川端由紀　＠最,星の砂_StardustCollectors,7,152,21.7,2.14,"59,400点",19,"15,000点",3,1,2,1,42.9%,9,85.7%,22,13,10,18,12,19,7,P0289
2024,単一リーグ,レギュラー,11,とむとむ,武装,9,149.7,16.6,2.00,"39,700点",63,"17,400点",3,3,3,0,33.3%,24,100.0%,4,21,11,4,20,55,20,P0146
2024,単一リーグ,レギュラー,12,深淵の独裁者,うるてぃまうぇぽん,7,147.7,21.1,2.00,"52,900点",26,"11,700点",3,2,1,1,42.9%,10,85.7%,23,14,12,19,13,25,8,P0280
2024,単一リーグ,レギュラー,13,いか,うるてぃまうぇぽん,10,143.6,14.4,2.10,"59,100点",20,"8,000点",3,4,2,1,30.0%,29,90.0%,16,24,13,12,23,20,23,P0071
2024,単一リーグ,レギュラー,14,狐-style,TEAM THE ChampLoo,8,138.4,17.3,2.00,"44,000点",52,"20,300点",2,4,2,0,25.0%,40,100.0%,6,40,14,6,35,45,34,P0256
2024,単一リーグ,レギュラー,15,ゆっしー@,Team MJ lovers,5,136.9,27.4,1.80,"50,000点",32,"20,700点",2,2,1,0,40.0%,14,100.0%,7,33,,,,,,P0207
2024,単一リーグ,レギュラー,16,黒太郎@SMY会,さわやかMJ野郎の会,11,128.2,11.7,2.09,"55,300点",23,"8,600点",2,7,1,1,18.2%,56,90.9%,14,53,15,10,48,23,48,P0260
2024,単一リーグ,レギュラー,17,w−baby,教室生☆KSC,13,118.3,9.1,2.15,"46,900点",40,"-12,500点",5,4,1,3,38.5%,16,76.9%,37,7,16,31,7,35,12,P0060
2024,単一リーグ,レギュラー,18,店長倍損の上司,星の砂_StardustCollectors,8,106.6,13.3,2.25,"67,100点",10,"-2,000点",3,2,1,2,37.5%,17,75.0%,41,16,17,35,15,10,13,P0302
2024,単一リーグ,レギュラー,19,おむ,SSブルーバーズ,12,106.2,8.9,2.17,"50,600点",30,"5,900点",2,7,2,1,16.7%,57,91.7%,13,54,18,9,49,28,49,P0086
2024,単一リーグ,レギュラー,20,Hara,SSブルーバーズ,12,105.3,8.8,2.42,"58,000点",21,"10,100点",5,1,2,4,41.7%,12,66.7%,56,6,19,49,6,21,10,P0029
2024,単一リーグ,レギュラー,21,うるる,うるてぃまうぇぽん,8,100.5,12.6,2.25,"46,000点",46,"3,300点",3,2,1,2,37.5%,18,75.0%,42,17,20,36,16,40,14,P0072
2024,単一リーグ,レギュラー,22,nagi,教室生☆KSC,12,85.2,7.1,2.25,"44,600点",48,"-4,100点",4,4,1,3,33.3%,23,75.0%,38,11,21,32,11,42,19,P0045
2024,単一リーグ,レギュラー,23,セリス,うるてぃまうぇぽん,9,80.6,9,2.22,"43,800点",53,"1,200点",3,2,3,1,33.3%,25,88.9%,18,22,22,14,21,46,21,P0125
2024,単一リーグ,レギュラー,24,サヴェ松田,SSブルーバーズ,10,80.5,8.1,2.20,"65,900点",12,-500点,2,6,0,2,20.0%,48,80.0%,31,47,23,25,42,12,42,P0107
2024,単一リーグ,レギュラー,25,GOGOぺかっ,クレイジーダイヤモンド,7,79.7,11.4,2.29,"75,600点",4,"1,700点",3,0,3,1,42.9%,11,85.7%,24,15,24,20,14,4,9,P0027
2024,単一リーグ,レギュラー,26,はなびん,さわやかMJ野郎の会,8,68.4,8.6,2.25,"57,500点",22,"-15,000点",3,2,1,2,37.5%,19,75.0%,43,18,25,37,17,22,15,P0159
2024,単一リーグ,レギュラー,27,Blue-K18,さわやかMJ野郎の会,12,68.3,5.7,2.25,"41,600点",60,"3,200点",3,5,2,2,25.0%,37,83.3%,28,29,26,24,28,53,31,P0018
2024,単一リーグ,レギュラー,28,エデン,SSブルーバーズ,5,67.2,13.4,2.00,"39,000点",65,"13,100点",2,1,2,0,40.0%,15,100.0%,8,34,,,,,,P0076
2024,単一リーグ,レギュラー,29,まんまる,TEAM THE ChampLoo,7,57.4,8.2,2.14,"40,700点",62,"1,900点",2,3,1,1,28.6%,33,85.7%,25,37,27,21,32,54,27,P0190
2024,単一リーグ,レギュラー,30,チン☆パラ,MJ東京,10,56.8,5.7,2.50,"69,400点",7,-100点,3,2,2,3,30.0%,30,70.0%,52,25,28,45,24,7,24,P0136
2024,単一リーグ,レギュラー,31,ゆき,うるてぃまうぇぽん,10,56.7,5.7,2.50,"62,600点",14,"7,700点",3,1,4,2,30.0%,31,80.0%,32,26,29,26,25,14,25,P0206
2024,単一リーグ,レギュラー,32,優斗@SMY会,さわやかMJ野郎の会,6,54.6,9.1,2.17,"34,900点",71,"10,400点",2,2,1,1,33.3%,26,83.3%,29,35,,,,,,P0317
2024,単一リーグ,レギュラー,33,石田亮太,SSブルーバーズ,8,53.3,6.7,2.25,"46,400点",42,"9,300点",2,3,2,1,25.0%,41,87.5%,20,41,30,16,36,37,35,P0014
2024,単一リーグ,レギュラー,34,黙示録@SMY会,さわやかMJ野郎の会,10,43.4,4.3,2.40,"42,700点",56,"-1,200点",4,1,2,3,40.0%,13,70.0%,53,10,31,46,10,49,11,P0316
2024,単一リーグ,レギュラー,35,やまだたろう,TEAM THE ChampLoo,8,41.9,5.2,2.50,"67,200点",9,-200点,3,0,3,2,37.5%,20,75.0%,44,19,32,38,18,9,16,P0201
2024,単一リーグ,レギュラー,36,桃瀬古都,SSブルーバーズ,4,33.7,8.4,2.00,"33,800点",74,"23,500点",0,4,0,0,0.0%,80,100.0%,9,78,,,,,,P0305
2024,単一リーグ,レギュラー,37,凛々蝶,MJ東京,8,30.4,3.8,2.38,"43,600点",54,"-4,100点",2,3,1,2,25.0%,42,75.0%,45,42,33,39,37,47,36,P0324
2024,単一リーグ,レギュラー,38,たくぞぅ,TEAM THE ChampLoo,7,24.5,3.5,2.57,"69,000点",8,400点,2,1,2,2,28.6%,34,71.4%,48,38,34,41,33,8,28,P0133
2024,単一リーグ,レギュラー,39,ベアトリクス,教室生☆KSC,13,20,1.5,2.54,"63,100点",13,"-1,700点",3,2,6,2,23.1%,45,84.6%,27,32,35,23,31,13,39,P0172
2024,単一リーグ,レギュラー,40,五月雨真空,TEAM THE ChampLoo,8,17.9,2.2,2.38,"39,700点",63,"-2,100点",3,2,0,3,37.5%,21,62.5%,63,20,36,53,19,56,17,P0257
2024,単一リーグ,レギュラー,41,つよ,さわやかMJ野郎の会,6,9,1.5,2.50,"54,600点",24,"16,500点",1,2,2,1,16.7%,59,83.3%,30,59,,,,,,P0139
2024,単一リーグ,レギュラー,42,ななね,MJ東京,1,7.8,7.8,2.00,"27,800点",81,"27,800点",0,1,0,0,0.0%,84,100.0%,10,73,,,,,,P0152
2024,単一リーグ,レギュラー,43,そうまっち,TEAM THE ChampLoo,6,3.6,0.6,2.50,"46,400点",42,"-18,900点",3,0,0,3,50.0%,4,50.0%,77,12,,,,,,P0126
2024,単一リーグ,レギュラー,44,まつりん,Team MJ lovers,2,-0.8,-0.4,2.50,"40,800点",61,"-1,600点",1,0,0,1,50.0%,5,50.0%,80,56,,,,,,P0186
2024,単一リーグ,レギュラー,45,ワイス,MJ東京,9,-1.6,-0.2,2.33,"44,600点",48,600点,2,2,5,0,22.2%,46,100.0%,5,45,37,5,40,43,40,P0225
2024,単一リーグ,レギュラー,46,ハナノア,SSブルーバーズ,10,-22.9,-2.3,2.60,"70,900点",5,"-6,800点",2,4,0,4,20.0%,49,60.0%,66,48,38,56,43,5,43,P0158
2024,単一リーグ,レギュラー,47,炎上!炎上!,TEAM THE ChampLoo,6,-28.5,-4.8,2.50,"49,300点",34,"-5,600点",1,3,0,2,16.7%,60,66.7%,60,60,,,,,,P0233
2024,単一リーグ,レギュラー,48,鞘,星の砂_StardustCollectors,9,-37.8,-4.2,2.44,"42,400点",57,"-11,800点",2,3,2,2,22.2%,47,77.8%,34,46,39,28,41,50,41,P0278
2024,単一リーグ,レギュラー,49,こすぎっち,Team MJ lovers,6,-37.9,-6.3,2.83,"44,500点",51,"11,000点",2,0,1,3,33.3%,27,50.0%,78,36,,,,,,P0105
2024,単一リーグ,レギュラー,50,ぽ　ち,武装,5,-38.2,-7.6,2.80,"50,400点",31,"4,200点",1,1,1,2,20.0%,54,60.0%,68,57,,,,,,P0176
2024,単一リーグ,レギュラー,51,☆けーすけ☆,星の砂_StardustCollectors,11,-38.3,-3.5,2.55,"49,900点",33,"6,200点",1,6,1,3,9.1%,69,72.7%,47,69,40,40,58,29,58,P0008
2024,単一リーグ,レギュラー,52,鈴木正道,SSブルーバーズ,10,-44.9,-4.5,2.70,"48,300点",35,"4,300点",2,1,5,2,20.0%,50,80.0%,33,49,41,27,44,30,44,P0004
2024,単一リーグ,レギュラー,53,ボスゆっくん,星の砂_StardustCollectors,3,-45,-15,2.67,"28,500点",80,-300点,0,2,0,1,0.0%,82,66.7%,62,77,,,,,,P0180
2024,単一リーグ,レギュラー,54,Mychemi,MJ東京,9,-45.3,-5,2.67,"42,300点",58,"8,800点",1,3,3,2,11.1%,68,77.8%,35,68,42,29,57,51,57,P0044
2024,単一リーグ,レギュラー,55,ソニア@SMY会,さわやかMJ野郎の会,12,-46.4,-3.9,2.58,"51,200点",28,"-13,600点",3,2,4,3,25.0%,38,75.0%,39,30,43,33,29,26,32,P0127
2024,単一リーグ,レギュラー,56,ぼうや,TEAM THE ChampLoo,7,-49.2,-7,2.57,"47,500点",39,"-2,900点",1,3,1,2,14.3%,62,71.4%,49,62,44,42,51,34,51,P0177
2024,単一リーグ,レギュラー,57,TOM,武装,10,-51.4,-5.1,2.70,"44,600点",48,"5,300点",3,0,4,3,30.0%,32,70.0%,54,27,45,47,26,44,26,P0057
2024,単一リーグ,レギュラー,58,るんるん,SSブルーバーズ,1,-51.9,-51.9,4.00,"8,100点",85,"8,100点",0,0,0,1,0.0%,85,0.0%,85,74,,,,,,P0219
2024,単一リーグ,レギュラー,59,≠暴れ妖狐≠,うるてぃまうぇぽん,8,-52.1,-6.5,2.75,"47,600点",38,-900点,2,2,0,4,25.0%,43,50.0%,75,43,46,64,38,33,37,P0005
2024,単一リーグ,レギュラー,60,Nukoshi,星の砂_StardustCollectors,1,-53.4,-53.4,4.00,"6,600点",86,"6,600点",0,0,0,1,0.0%,86,0.0%,86,75,,,,,,P0048
2024,単一リーグ,レギュラー,61,魔王光,武装,4,-55.3,-13.8,3.00,"33,800点",74,"21,300点",0,1,2,1,0.0%,81,75.0%,46,79,,,,,,P0313
2024,単一リーグ,レギュラー,62,おもも,クレイジーダイヤモンド,6,-57.3,-9.6,2.67,"51,500点",27,"-15,300点",1,2,1,2,16.7%,61,66.7%,61,61,,,,,,P0087
2024,単一リーグ,レギュラー,63,fut_fut_fut,TEAM THE ChampLoo,7,-60.2,-8.6,2.86,"43,600点",54,"8,700点",1,0,5,1,14.3%,63,85.7%,26,63,47,22,52,48,52,P0026
2024,単一リーグ,レギュラー,64,全速ゆーへい,星の砂_StardustCollectors,7,-79.5,-11.4,2.86,"47,800点",36,"8,100点",1,1,3,2,14.3%,64,71.4%,50,64,48,43,53,31,53,P0291
2024,単一リーグ,レギュラー,65,μゆぅちゃん,Team MJ lovers,2,-108,-54,4.00,"9,700点",84,"2,300点",0,0,0,2,0.0%,83,0.0%,84,76,,,,,,P0327
2024,単一リーグ,レギュラー,66,葛餅,MJ東京,7,-119.6,-17.1,2.71,"39,000点",65,"-10,100点",1,2,2,2,14.3%,65,71.4%,51,65,49,44,54,57,54,P0240
2024,単一リーグ,レギュラー,67,年賀状,武装,9,-125.5,-13.9,2.89,"47,700点",37,"1,700点",0,4,2,3,0.0%,74,66.7%,59,82,50,52,63,32,63,P0307
2024,単一リーグ,レギュラー,68,ゆめみや,クレイジーダイヤモンド,9,-126.3,-14,2.78,"32,900点",77,"2,800点",0,3,5,1,0.0%,75,88.9%,19,83,51,15,64,63,64,P0208
2024,単一リーグ,レギュラー,69,PPPするぞ★,星の砂_StardustCollectors,7,-131.2,-18.7,3.00,"46,600点",41,"-11,800点",2,0,1,4,28.6%,35,42.9%,82,39,52,67,34,36,29,P0050
2024,単一リーグ,レギュラー,70,ツナマヨ,武装,8,-131.3,-16.4,3.00,"46,300点",44,"-3,100点",2,0,2,4,25.0%,44,50.0%,76,44,53,65,39,38,38,P0138
2024,単一リーグ,レギュラー,71,赤哲,武装,10,-135.6,-13.6,3.00,"42,200点",59,"6,500点",2,1,2,5,20.0%,51,50.0%,73,50,54,62,45,52,45,P0288
2024,単一リーグ,レギュラー,72,アスラン,クレイジーダイヤモンド,12,-147.6,-12.3,2.92,"61,000点",16,"4,600点",2,1,5,4,16.7%,58,66.7%,57,55,55,50,50,16,50,P0068
2024,単一リーグ,レギュラー,73,ゆんゆん,武装,10,-163.6,-16.4,2.90,"33,600点",76,"-1,700点",2,1,3,4,20.0%,52,60.0%,67,51,56,57,46,62,46,P0210
2024,単一リーグ,レギュラー,74,海賊王,さわやかMJ野郎の会,7,-165.6,-23.7,3.14,"37,700点",69,"-4,400点",1,0,3,3,14.3%,66,57.1%,70,66,57,59,55,60,55,P0238
2024,単一リーグ,レギュラー,75,元教室生タク,教室生☆KSC,12,-182.4,-15.2,2.92,"46,200点",45,"-11,100点",3,0,4,5,25.0%,39,58.3%,69,31,58,58,30,39,33,P0255
2024,単一リーグ,レギュラー,76,えんがわ,MJ東京,10,-185.4,-18.5,3.00,"50,900点",29,400点,2,1,2,5,20.0%,53,50.0%,74,52,59,63,47,27,47,P0078
2024,単一リーグ,レギュラー,77,しんじゃうツモ,武装,7,-189.8,-27.1,3.29,"27,300点",82,"1,600点",0,1,3,3,0.0%,78,57.1%,71,81,60,60,62,66,67,P0119
2024,単一リーグ,レギュラー,78,激昂ラージャン,Team MJ lovers,11,-192.8,-17.5,3.00,"37,800点",68,"-2,800点",1,4,0,6,9.1%,70,45.5%,81,70,61,66,59,59,59,P0254
2024,単一リーグ,レギュラー,79,喜多剛士@μ,Team MJ lovers,5,-208.8,-41.8,3.20,"34,900点",71,"-39,800点",1,0,1,3,20.0%,55,40.0%,83,58,,,,,,P0241
2024,単一リーグ,レギュラー,80,シーナー,TEAM THE ChampLoo,8,-211.7,-26.5,3.00,"38,300点",67,"-31,700点",1,1,3,3,12.5%,67,62.5%,64,67,62,54,56,58,56,P0111
2024,単一リーグ,レギュラー,81,中出雄介,Team MJ lovers,6,-211.9,-35.3,3.33,"37,100点",70,"-9,500点",0,1,2,3,0.0%,79,50.0%,79,80,,,,,,P0298
2024,単一リーグ,レギュラー,82,ゆうたん,うるてぃまうぇぽん,10,-215.1,-21.5,3.10,"31,100点",79,300点,0,2,5,3,0.0%,73,70.0%,55,86,63,48,67,65,62,P0204
2024,単一リーグ,レギュラー,83,小林宏康,Team MJ lovers,12,-222.1,-18.5,2.83,"34,900点",71,"-7,300点",1,4,3,4,8.3%,71,66.7%,58,71,64,51,60,61,60,P0275
2024,単一リーグ,レギュラー,84,Redstar,教室生☆KSC,13,-225.4,-17.3,3.00,"44,700点",47,"7,800点",1,3,4,5,7.7%,72,61.5%,65,72,65,55,61,41,61,P0051
2024,単一リーグ,レギュラー,85,J,MJ東京,9,-229.5,-25.5,3.11,"32,500点",78,"4,800点",0,1,6,2,0.0%,76,77.8%,36,84,66,30,65,64,65,P0032
2024,単一リーグ,レギュラー,86,☆魔雀T塾生☆,教室生☆KSC,9,-283.8,-31.5,3.22,"27,100点",83,"-10,800点",0,2,3,4,0.0%,77,55.6%,72,85,67,61,66,67,66,P0010
2025,Aリーグ,セミファイナル,1,上野あいみ,SILVER WOLVES,3,182.3,60.8,1.00,"52,400点",9,"32,700点",3,0,0,0,100.0%,1,100.0%,3,1,,,,,,P0279
2025,Aリーグ,セミファイナル,2,ロンリーボーイ,MJAC愛好会,3,139.8,46.6,1.67,"81,900点",2,"37,000点",1,2,0,0,33.3%,12,100.0%,4,12,,,,,,P0224
2025,Aリーグ,セミファイナル,3,教室生 ユウ,MJAC愛好会,2,136.1,68.1,1.00,"56,400点",6,"39,700点",2,0,0,0,100.0%,2,100.0%,10,2,,,,,,P0248
2025,Aリーグ,セミファイナル,4,林保徳,クレイジーダイヤモンド,4,104.2,26.1,2.00,"75,000点",3,"26,900点",1,2,1,0,25.0%,21,100.0%,1,21,,,,,,P0320
2025,Aリーグ,セミファイナル,5,クピドの悪戯,クレイジーダイヤモンド,3,85.1,28.4,1.67,"41,900点",18,"29,400点",1,2,0,0,33.3%,13,100.0%,5,13,,,,,,P0099
2025,Aリーグ,セミファイナル,6,太郎,クレイジーダイヤモンド,2,74.2,37.1,1.50,"42,100点",17,"32,100点",1,1,0,0,50.0%,6,100.0%,11,6,,,,,,P0294
2025,Aリーグ,セミファイナル,7,J,MJ東京,4,70.5,17.6,2.00,"52,800点",8,"-9,100点",2,1,0,1,50.0%,3,75.0%,22,3,,,,,,P0032
2025,Aリーグ,セミファイナル,8,おむ,SSブルーバーズ,2,67.9,34,1.50,"43,000点",16,"24,900点",1,1,0,0,50.0%,7,100.0%,12,7,,,,,,P0086
2025,Aリーグ,セミファイナル,9,阿賀寿直,SILVER WOLVES,4,66.1,16.5,2.25,"88,500点",1,"15,400点",1,1,2,0,25.0%,22,100.0%,2,22,,,,,,P0228
2025,Aリーグ,セミファイナル,10,とと,レッドリボン軍,2,63.2,31.6,2.00,"55,900点",7,"27,300点",1,0,1,0,50.0%,8,100.0%,13,8,,,,,,P0144
2025,Aリーグ,セミファイナル,11,サヴェ松田,SSブルーバーズ,3,57.1,19,2.00,"41,600点",20,"27,400点",1,1,1,0,33.3%,14,100.0%,6,14,,,,,,P0107
2025,Aリーグ,セミファイナル,12,石田亮太,SSブルーバーズ,4,51.8,13,2.25,"52,300点",10,"7,500点",2,0,1,1,50.0%,4,75.0%,23,4,,,,,,P0014
2025,Aリーグ,セミファイナル,13,ハナノア,SSブルーバーズ,2,37.6,18.8,2.00,"35,400点",26,"22,200点",1,0,1,0,50.0%,9,100.0%,14,9,,,,,,P0158
2025,Aリーグ,セミファイナル,14,石川和男,SILVER WOLVES,2,17.6,8.8,2.00,"33,500点",29,"24,100点",0,2,0,0,0.0%,32,100.0%,15,28,,,,,,P0285
2025,Aリーグ,セミファイナル,15,Mychemi,MJ東京,4,12.3,3.1,2.50,"49,700点",11,-600点,2,0,0,2,50.0%,5,50.0%,31,5,,,,,,P0044
2025,Aリーグ,セミファイナル,16,キラ、,MJ東京,3,12,4,2.33,"41,900点",18,"4,100点",1,1,0,1,33.3%,15,66.7%,25,15,,,,,,P0096
2025,Aリーグ,セミファイナル,17,おかぴー,MJAC愛好会,2,11.1,5.6,2.50,"44,700点",15,"6,400点",1,0,0,1,50.0%,10,50.0%,35,10,,,,,,P0079
2025,Aリーグ,セミファイナル,18,松崎真也,SILVER WOLVES,3,10.1,3.4,2.33,"39,600点",22,"18,900点",0,2,1,0,0.0%,28,100.0%,7,38,,,,,,P0276
2025,Aリーグ,セミファイナル,19,橋本るり子,SILVER WOLVES,3,9.5,3.2,2.33,"40,500点",21,"-6,300点",1,1,0,1,33.3%,16,66.7%,26,16,,,,,,P0249
2025,Aリーグ,セミファイナル,20,小倉唯,レッドリボン軍,3,9.2,3.1,2.67,"62,700点",4,400点,1,0,1,1,33.3%,17,66.7%,27,17,,,,,,P0273
2025,Aリーグ,セミファイナル,21,ナッチー,クレイジーダイヤモンド,4,5.5,1.4,2.50,"58,100点",5,"1,400点",1,1,1,1,25.0%,23,75.0%,24,23,,,,,,P0151
2025,Aリーグ,セミファイナル,22,ロッキンポ,MJAC愛好会,3,-4.1,-1.4,2.33,"35,600点",25,400点,1,0,2,0,33.3%,18,100.0%,8,18,,,,,,P0223
2025,Aリーグ,セミファイナル,23,なおすけ,レッドリボン軍,1,-12,-12,3.00,"28,000点",33,"28,000点",0,0,1,0,0.0%,42,100.0%,19,25,,,,,,P0150
2025,Aリーグ,セミファイナル,24,レッド総帥,レッドリボン軍,3,-13.9,-4.6,2.67,"45,000点",14,"-3,400点",1,0,1,1,33.3%,19,66.7%,28,19,,,,,,P0221
2025,Aリーグ,セミファイナル,25,アスラン,クレイジーダイヤモンド,2,-19.3,-9.7,2.50,"48,500点",12,"-27,800点",1,0,0,1,50.0%,11,50.0%,36,11,,,,,,P0068
2025,Aリーグ,セミファイナル,26,田口淳之介,SILVER WOLVES,1,-27.1,-27.1,3.00,"12,900点",42,"12,900点",0,0,1,0,0.0%,43,100.0%,20,26,,,,,,P0269
2025,Aリーグ,セミファイナル,27,チン☆パラ,MJ東京,2,-30.3,-15.2,3.00,"30,000点",32,"19,700点",0,0,2,0,0.0%,33,100.0%,16,29,,,,,,P0136
2025,Aリーグ,セミファイナル,28,カオス,レッドリボン軍,2,-30.9,-15.5,3.00,"36,600点",23,"12,500点",0,1,0,1,0.0%,34,50.0%,37,30,,,,,,P0089
2025,Aリーグ,セミファイナル,29,湾奥アングラー,MJAC愛好会,2,-31.5,-15.8,3.00,"25,100点",36,"23,400点",0,0,2,0,0.0%,35,100.0%,17,31,,,,,,P0323
2025,Aリーグ,セミファイナル,30,梁瀬健太郎,レッドリボン軍,1,-32.1,-32.1,3.00,"7,900点",44,"7,900点",0,0,1,0,0.0%,44,100.0%,21,27,,,,,,P0063
2025,Aリーグ,セミファイナル,31,亜空間コツボー,MJAC愛好会,2,-38.8,-19.4,3.00,"32,200点",31,"9,000点",0,1,0,1,0.0%,36,50.0%,38,32,,,,,,P0227
2025,Aリーグ,セミファイナル,32,かじ,レッドリボン軍,3,-41.3,-13.8,2.67,"22,700点",38,"15,800点",0,1,2,0,0.0%,29,100.0%,9,39,,,,,,P0090
2025,Aリーグ,セミファイナル,33,くまさぶろー,レッドリボン軍,3,-41.9,-14,3.00,"48,000点",13,-800点,1,0,0,2,33.3%,20,33.3%,43,20,,,,,,P0100
2025,Aリーグ,セミファイナル,34,つかぴー,MJAC愛好会,2,-45.1,-22.6,3.00,"18,200点",41,"16,700点",0,0,2,0,0.0%,37,100.0%,18,33,,,,,,P0137
2025,Aリーグ,セミファイナル,35,打撃系ヤルカツ,MJAC愛好会,2,-46.5,-23.3,3.00,"36,200点",24,"-2,700点",0,1,0,1,0.0%,38,50.0%,39,34,,,,,,P0295
2025,Aリーグ,セミファイナル,36,ベヘリット,レッドリボン軍,2,-49.5,-24.8,3.00,"20,400点",39,"10,100点",0,1,0,1,0.0%,39,50.0%,40,35,,,,,,P0174
2025,Aリーグ,セミファイナル,37,冬のミルク,MJAC愛好会,2,-50.1,-25.1,3.00,"32,500点",30,"-2,600点",0,1,0,1,0.0%,40,50.0%,41,36,,,,,,P0304
2025,Aリーグ,セミファイナル,38,Hara,SSブルーバーズ,3,-50.6,-16.9,2.67,"24,700点",37,"7,900点",0,2,0,1,0.0%,30,66.7%,29,40,,,,,,P0029
2025,Aリーグ,セミファイナル,39,aimoni,MJ東京,4,-62.9,-15.7,3.00,"35,400点",26,"8,000点",1,0,1,2,25.0%,24,50.0%,32,24,,,,,,P0015
2025,Aリーグ,セミファイナル,40,ニコラス,SSブルーバーズ,2,-72.7,-36.4,3.50,"19,300点",40,"8,000点",0,0,1,1,0.0%,41,50.0%,42,37,,,,,,P0154
2025,Aリーグ,セミファイナル,41,ゆめみや,クレイジーダイヤモンド,5,-88.7,-17.7,2.80,"34,300点",28,"2,300点",0,3,0,2,0.0%,25,60.0%,30,44,,,,,,P0208
2025,Aリーグ,セミファイナル,42,まーくん RMU,SILVER WOLVES,4,-131.9,-33,3.25,"26,000点",35,-600点,0,1,1,2,0.0%,26,50.0%,33,42,,,,,,P0184
2025,Aリーグ,セミファイナル,43,えんがわ,MJ東京,3,-148.5,-49.5,3.67,"12,800点",43,"-2,700点",0,0,1,2,0.0%,31,33.3%,44,41,,,,,,P0078
2025,Aリーグ,セミファイナル,44,鈴木正道,SSブルーバーズ,4,-153.5,-38.4,3.50,"27,900点",34,"-1,200点",0,0,2,2,0.0%,27,50.0%,34,43,,,,,,P0004
2025,Aリーグ,ファイナル,1,林保徳,クレイジーダイヤモンド,4,140.8,35.2,1.50,"43,000点",7,"27,800点",2,2,0,0,50.0%,2,100.0%,1,1,,,,,,P0320
2025,Aリーグ,ファイナル,2,阿賀寿直,SILVER WOLVES,2,129.5,64.8,1.50,"94,400点",1,"35,100点",1,1,0,0,50.0%,3,100.0%,4,3,,,,,,P0228
2025,Aリーグ,ファイナル,3,チン☆パラ,MJ東京,2,70.4,35.2,1.50,"38,100点",10,"32,300点",1,1,0,0,50.0%,4,100.0%,5,4,,,,,,P0136
2025,Aリーグ,ファイナル,4,太郎,クレイジーダイヤモンド,3,65.5,21.8,2.00,"55,300点",4,"22,800点",1,1,1,0,33.3%,11,100.0%,2,11,,,,,,P0294
2025,Aリーグ,ファイナル,5,石川和男,SILVER WOLVES,2,62.8,31.4,1.50,"31,500点",14,"31,300点",1,1,0,0,50.0%,5,100.0%,6,5,,,,,,P0285
2025,Aリーグ,ファイナル,6,田口淳之介,SILVER WOLVES,1,58.5,58.5,1.00,"38,500点",9,"38,500点",1,0,0,0,100.0%,1,100.0%,13,2,,,,,,P0269
2025,Aリーグ,ファイナル,7,松崎真也,SILVER WOLVES,2,52.1,26.1,1.50,"35,000点",11,"17,100点",1,1,0,0,50.0%,6,100.0%,7,6,,,,,,P0276
2025,Aリーグ,ファイナル,8,冬のミルク,MJAC愛好会,2,50.1,25.1,2.00,"51,200点",6,"18,900点",1,0,1,0,50.0%,7,100.0%,8,7,,,,,,P0304
2025,Aリーグ,ファイナル,9,まーくん RMU,SILVER WOLVES,3,35.3,11.8,2.33,"53,500点",5,"18,900点",1,1,0,1,33.3%,12,66.7%,19,12,,,,,,P0184
2025,Aリーグ,ファイナル,10,橋本るり子,SILVER WOLVES,2,28.6,14.3,2.00,"33,600点",12,"15,000点",1,0,1,0,50.0%,8,100.0%,9,8,,,,,,P0249
2025,Aリーグ,ファイナル,11,キラ、,MJ東京,2,24.2,12.1,2.50,"55,800点",3,"8,400点",1,0,0,1,50.0%,9,50.0%,20,9,,,,,,P0096
2025,Aリーグ,ファイナル,12,クピドの悪戯,クレイジーダイヤモンド,2,14.5,7.3,2.50,"56,600点",2,"-2,100点",1,0,0,1,50.0%,10,50.0%,21,10,,,,,,P0099
2025,Aリーグ,ファイナル,13,ナッチー,クレイジーダイヤモンド,1,7.9,7.9,2.00,"27,900点",15,"27,900点",0,1,0,0,0.0%,23,100.0%,14,14,,,,,,P0151
2025,Aリーグ,ファイナル,14,亜空間コツボー,MJAC愛好会,2,3.4,1.7,2.50,"32,100点",13,"31,300点",0,1,1,0,0.0%,15,100.0%,10,21,,,,,,P0227
2025,Aリーグ,ファイナル,15,ロンリーボーイ,MJAC愛好会,2,0.2,0.1,2.00,"27,200点",16,"13,000点",0,2,0,0,0.0%,16,100.0%,11,22,,,,,,P0224
2025,Aリーグ,ファイナル,16,ロッキンポ,MJAC愛好会,1,0,0,2.00,"20,000点",20,"20,000点",0,1,0,0,0.0%,24,100.0%,15,15,,,,,,P0223
2025,Aリーグ,ファイナル,17,打撃系ヤルカツ,MJAC愛好会,1,-2.9,-2.9,2.00,"17,100点",23,"17,100点",0,1,0,0,0.0%,25,100.0%,16,16,,,,,,P0295
2025,Aリーグ,ファイナル,18,ゆめみや,クレイジーダイヤモンド,1,-7.1,-7.1,2.00,"12,900点",26,"12,900点",0,1,0,0,0.0%,26,100.0%,17,17,,,,,,P0208
2025,Aリーグ,ファイナル,19,つかぴー,MJAC愛好会,1,-14.6,-14.6,3.00,"25,400点",17,"25,400点",0,0,1,0,0.0%,27,100.0%,18,18,,,,,,P0137
2025,Aリーグ,ファイナル,20,おかぴー,MJAC愛好会,2,-35.6,-17.8,3.00,"23,900点",18,"20,500点",0,0,2,0,0.0%,17,100.0%,12,23,,,,,,P0079
2025,Aリーグ,ファイナル,21,Mychemi,MJ東京,3,-44.1,-14.7,2.67,"23,200点",19,"13,000点",0,1,2,0,0.0%,14,100.0%,3,29,,,,,,P0044
2025,Aリーグ,ファイナル,22,おもも,クレイジーダイヤモンド,1,-48.9,-48.9,4.00,"11,100点",27,"11,100点",0,0,0,1,0.0%,28,0.0%,28,19,,,,,,P0087
2025,Aリーグ,ファイナル,23,湾奥アングラー,MJAC愛好会,1,-53.1,-53.1,4.00,"6,900点",29,"6,900点",0,0,0,1,0.0%,29,0.0%,29,20,,,,,,P0323
2025,Aリーグ,ファイナル,24,aimoni,MJ東京,3,-62.4,-20.8,3.00,"41,500点",8,"-2,000点",1,0,0,2,33.3%,13,33.3%,25,13,,,,,,P0015
2025,Aリーグ,ファイナル,25,上野あいみ,SILVER WOLVES,2,-78.3,-39.2,3.50,"19,200点",21,"2,500点",0,0,1,1,0.0%,18,50.0%,22,24,,,,,,P0279
2025,Aリーグ,ファイナル,26,教室生 ユウ,MJAC愛好会,2,-89.3,-44.7,3.50,"14,600点",25,"-3,900点",0,0,1,1,0.0%,19,50.0%,23,25,,,,,,P0248
2025,Aリーグ,ファイナル,27,J,MJ東京,2,-96.2,-48.1,3.50,"7,200点",28,"-3,400点",0,0,1,1,0.0%,20,50.0%,24,26,,,,,,P0032
2025,Aリーグ,ファイナル,28,アスラン,クレイジーダイヤモンド,2,-96.7,-48.4,4.00,"19,000点",22,"4,300点",0,0,0,2,0.0%,21,0.0%,26,27,,,,,,P0068
2025,Aリーグ,ファイナル,29,えんがわ,MJ東京,2,-114.6,-57.3,4.00,"15,500点",24,"-10,100点",0,0,0,2,0.0%,22,0.0%,27,28,,,,,,P0078
2025,Aリーグ,レギュラー,1,まーくん RMU,SILVER WOLVES,11,506,46,1.64,"104,400点",2,"18,500点",6,3,2,0,54.5%,7,100.0%,2,1,1,2,1,2,5,P0184
2025,Aリーグ,レギュラー,2,Mychemi,MJ東京,12,351.1,29.3,1.83,"60,200点",20,"20,000点",6,2,4,0,50.0%,8,100.0%,1,2,2,1,2,15,6,P0044
2025,Aリーグ,レギュラー,3,パイ乙戦士全ツ,さわやかMJ野郎の会,10,297,29.7,1.90,"66,300点",12,"-4,400点",5,2,2,1,50.0%,9,90.0%,17,4,3,9,4,8,7,P0156
2025,Aリーグ,レギュラー,4,ロッキンポ,MJAC愛好会,7,294.3,42,1.57,"60,000点",21,"20,900点",4,2,1,0,57.1%,3,100.0%,4,5,4,4,5,16,1,P0223
2025,Aリーグ,レギュラー,5,アベキング,武装,7,287.4,41.1,1.57,"56,500点",27,"22,800点",4,2,1,0,57.1%,4,100.0%,5,6,5,5,6,21,2,P0070
2025,Aリーグ,レギュラー,6,ハナノア,SSブルーバーズ,11,254.5,23.1,2.09,"71,500点",6,"16,400点",4,4,1,2,36.4%,20,81.8%,42,11,6,29,11,5,17,P0158
2025,Aリーグ,レギュラー,7,冬のミルク,MJAC愛好会,7,237.2,33.9,1.71,"56,300点",30,"24,300点",4,1,2,0,57.1%,5,100.0%,6,7,7,6,7,24,3,P0304
2025,Aリーグ,レギュラー,8,なおすけ,レッドリボン軍,9,209.2,23.2,1.89,"45,000点",60,"-10,800点",5,2,0,2,55.6%,6,77.8%,49,3,8,34,3,45,4,P0150
2025,Aリーグ,レギュラー,9,ロンリーボーイ,MJAC愛好会,7,189.9,27.1,1.86,"66,900点",10,"4,900点",3,3,0,1,42.9%,12,85.7%,32,17,9,24,17,7,10,P0224
2025,Aリーグ,レギュラー,10,ナッチー,クレイジーダイヤモンド,8,155.4,19.4,2.13,"68,200点",8,"13,900点",3,2,2,1,37.5%,15,87.5%,23,18,10,15,18,6,12,P0151
2025,Aリーグ,レギュラー,11,小林宏康,Team MJ lovers,14,146.1,10.4,2.21,"62,300点",17,"-25,900点",4,5,3,2,28.6%,41,85.7%,31,16,11,23,16,13,29,P0275
2025,Aリーグ,レギュラー,12,aimoni,MJ東京,2,139.5,69.8,1.00,"53,800点",37,"45,700点",2,0,0,0,100.0%,1,100.0%,13,34,,,,,,P0015
2025,Aリーグ,レギュラー,13,太郎,クレイジーダイヤモンド,9,137.1,15.2,2.33,"109,800点",1,"13,200点",3,1,4,1,33.3%,24,88.9%,19,23,12,11,23,1,21,P0294
2025,Aリーグ,レギュラー,14,レッド総帥,レッドリボン軍,8,136.4,17.1,2.13,"57,200点",25,"3,100点",3,2,2,1,37.5%,16,87.5%,24,19,13,16,19,19,13,P0221
2025,Aリーグ,レギュラー,15,松崎真也,SILVER WOLVES,13,120.1,9.2,2.31,"86,400点",3,"-6,900点",4,5,0,4,30.8%,38,69.2%,63,15,14,47,15,3,26,P0276
2025,Aリーグ,レギュラー,16,石田亮太,SSブルーバーズ,11,113.4,10.3,2.09,"43,400点",66,"3,200点",3,5,2,1,27.3%,46,90.9%,16,30,15,8,30,49,34,P0014
2025,Aリーグ,レギュラー,17,Hara,SSブルーバーズ,10,112.9,11.3,2.30,"56,300点",30,"6,200点",4,2,1,3,40.0%,13,70.0%,61,10,16,45,10,25,11,P0029
2025,Aリーグ,レギュラー,18,クピドの悪戯,クレイジーダイヤモンド,10,111.7,11.2,2.10,"46,400点",53,"1,300点",3,3,4,0,30.0%,39,100.0%,3,28,17,3,28,39,27,P0099
2025,Aリーグ,レギュラー,19,教室生 ユウ,MJAC愛好会,8,103.1,12.9,2.13,"45,500点",57,"5,600点",3,2,2,1,37.5%,17,87.5%,25,20,18,17,20,43,14,P0248
2025,Aリーグ,レギュラー,20,ゆめみや,クレイジーダイヤモンド,9,101.9,11.3,2.33,"65,100点",13,"10,800点",3,1,4,1,33.3%,25,88.9%,20,24,19,12,24,9,22,P0208
2025,Aリーグ,レギュラー,21,ニコラス,SSブルーバーズ,6,95.3,15.9,2.17,"47,300点",49,"10,600点",2,2,1,1,33.3%,29,83.3%,37,36,,,,,,P0154
2025,Aリーグ,レギュラー,22,橋本るり子,SILVER WOLVES,9,90.5,10.1,2.22,"51,200点",39,"14,000点",3,2,3,1,33.3%,26,88.9%,21,25,20,13,25,30,23,P0249
2025,Aリーグ,レギュラー,23,小倉唯,レッドリボン軍,8,84.6,10.6,2.25,"42,600点",67,"9,400点",3,1,3,1,37.5%,18,87.5%,26,21,21,18,21,50,15,P0273
2025,Aリーグ,レギュラー,24,まんまる,TEAM THE ChampLoo,6,76.2,12.7,2.17,"58,200点",22,"1,500点",2,1,3,0,33.3%,30,100.0%,8,37,,,,,,P0190
2025,Aリーグ,レギュラー,25,ななね,MJ東京,1,69.8,69.8,1.00,"49,800点",41,"49,800点",1,0,0,0,100.0%,2,100.0%,15,57,,,,,,P0152
2025,Aリーグ,レギュラー,26,えんがわ,MJ東京,12,68.6,5.7,2.33,"56,500点",27,"3,900点",4,2,4,2,33.3%,23,83.3%,36,14,22,28,14,22,20,P0078
2025,Aリーグ,レギュラー,27,ワイス,MJ東京,3,65,21.7,2.00,"66,700点",11,"24,100点",0,3,0,0,0.0%,102,100.0%,12,91,,,,,,P0225
2025,Aリーグ,レギュラー,28,(∵),TEAMS Rabbit_yohan,5,59.2,11.8,2.40,"56,100点",32,"11,700点",2,0,2,1,40.0%,14,80.0%,47,35,,,,,,P0003
2025,Aリーグ,レギュラー,29,カオス,レッドリボン軍,4,54.4,13.6,2.00,"33,900点",91,"23,400点",1,2,1,0,25.0%,54,100.0%,11,60,,,,,,P0089
2025,Aリーグ,レギュラー,30,梁瀬健太郎,レッドリボン軍,8,38.4,4.8,2.38,"46,200点",55,"-8,200点",2,2,3,1,25.0%,49,87.5%,27,47,23,19,38,41,37,P0063
2025,Aリーグ,レギュラー,31,黙示録@SMY会,さわやかMJ野郎の会,10,36.3,3.6,2.30,"46,400点",53,"7,000点",1,6,2,1,10.0%,85,90.0%,18,85,24,10,59,40,59,P0316
2025,Aリーグ,レギュラー,32,黒太郎@SMY会,さわやかMJ野郎の会,6,34.9,5.8,2.33,"67,200点",9,"-8,500点",2,1,2,1,33.3%,31,83.3%,38,38,,,,,,P0260
2025,Aリーグ,レギュラー,33,上野あいみ,SILVER WOLVES,7,31.5,4.5,2.57,"85,500点",4,-400点,2,2,0,3,28.6%,42,57.1%,88,43,25,59,34,4,30,P0279
2025,Aリーグ,レギュラー,34,田口淳之介,SILVER WOLVES,4,30.7,7.7,2.25,"70,400点",7,"-22,700点",1,2,0,1,25.0%,55,75.0%,57,61,,,,,,P0269
2025,Aリーグ,レギュラー,35,Ryuiso,MJ東京,6,29,4.8,2.33,"48,700点",45,"14,800点",1,2,3,0,16.7%,68,100.0%,9,68,,,,,,P0055
2025,Aリーグ,レギュラー,36,くまさぶろー,レッドリボン軍,9,24.7,2.7,2.33,"40,800点",71,"-1,400点",3,1,4,1,33.3%,27,88.9%,22,26,26,14,26,52,24,P0100
2025,Aリーグ,レギュラー,37,年賀状,武装,7,24.2,3.5,2.29,"48,600点",46,"-4,500点",2,2,2,1,28.6%,43,85.7%,33,44,27,25,35,35,31,P0307
2025,Aリーグ,レギュラー,38,阿賀寿直,SILVER WOLVES,11,24.1,2.2,2.36,"64,600点",15,"-9,500点",3,3,3,2,27.3%,47,81.8%,43,31,28,30,31,11,35,P0228
2025,Aリーグ,レギュラー,39,引き運最弱マン,TEAMS Rabbit_yohan,8,20.3,2.5,2.50,"47,700点",47,"-5,800点",4,0,0,4,50.0%,10,50.0%,91,8,29,62,8,36,8,P0231
2025,Aリーグ,レギュラー,40,アスラン,クレイジーダイヤモンド,8,17.5,2.2,2.63,"56,400点",29,"1,400点",2,2,1,3,25.0%,50,62.5%,80,48,30,54,39,23,38,P0068
2025,Aリーグ,レギュラー,41,J,MJ東京,9,12,1.3,2.33,"43,500点",64,"-18,800点",2,4,1,2,22.2%,56,77.8%,50,52,31,35,43,47,42,P0032
2025,Aリーグ,レギュラー,42,優斗@SMY会,さわやかMJ野郎の会,5,11.6,2.3,2.40,"45,400点",58,"14,900点",1,1,3,0,20.0%,62,100.0%,10,62,,,,,,P0317
2025,Aリーグ,レギュラー,43,チン☆パラ,MJ東京,11,7.9,0.7,2.27,"40,800点",71,"-15,800点",1,8,0,2,9.1%,87,81.8%,44,87,32,31,61,53,61,P0136
2025,Aリーグ,レギュラー,44,うわぁーん！,TEAMS Rabbit_yohan,3,7.3,2.4,2.33,"34,900点",90,"6,200点",1,1,0,1,33.3%,36,66.7%,77,58,,,,,,P0073
2025,Aリーグ,レギュラー,45,仇森 龍,TEAM THE ChampLoo,7,5.3,0.8,2.57,"65,000点",14,"-8,500点",2,1,2,2,28.6%,44,71.4%,59,45,33,43,36,10,32,P0245
2025,Aリーグ,レギュラー,46,キラ、,MJ東京,10,4.9,0.5,2.50,"49,300点",42,"-7,600点",3,2,2,3,30.0%,40,70.0%,62,29,34,46,29,32,28,P0096
2025,Aリーグ,レギュラー,47,chemi,TEAM AJITO,9,4.3,0.5,2.44,"46,700点",51,"-11,800点",3,1,3,2,33.3%,28,77.8%,51,27,35,36,27,38,25,P0022
2025,Aリーグ,レギュラー,48,林保徳,クレイジーダイヤモンド,11,4,0.4,2.45,"57,900点",24,"-19,000点",4,1,3,3,36.4%,21,72.7%,58,12,36,42,12,18,18,P0320
2025,Aリーグ,レギュラー,49,そうまっち,TEAM THE ChampLoo,6,3.7,0.6,2.67,"43,600点",63,"5,400点",2,1,0,3,33.3%,32,50.0%,94,39,,,,,,P0126
2025,Aリーグ,レギュラー,50,初日の出ソニー,クレイジーダイヤモンド,3,3.2,1.1,2.67,"54,000点",36,"2,700点",1,0,1,1,33.3%,37,66.7%,78,59,,,,,,P0270
2025,Aリーグ,レギュラー,51,ゆっしー@,Team MJ lovers,9,0,0,2.56,"45,700点",56,"1,900点",4,0,1,4,44.4%,11,55.6%,89,9,37,60,9,42,9,P0207
2025,Aリーグ,レギュラー,52,GOGOぺかっ,クレイジーダイヤモンド,2,-4.7,-2.4,2.50,"28,900点",101,"26,400点",0,1,1,0,0.0%,104,100.0%,14,89,,,,,,P0027
2025,Aリーグ,レギュラー,53,KGRS,TEAM AJITO,12,-7.9,-0.7,2.50,"61,000点",19,"-21,700点",3,3,3,3,25.0%,48,75.0%,54,32,38,39,32,14,36,P0037
2025,Aリーグ,レギュラー,54,HAGI,TEAMS Rabbit_yohan,11,-13.2,-1.2,2.64,"54,900点",34,"-12,300点",4,1,1,5,36.4%,22,54.5%,90,13,39,61,13,27,19,P0028
2025,Aリーグ,レギュラー,55,零王,TEAMS Rabbit_yohan,5,-13.5,-2.7,2.60,"41,600点",69,"7,400点",1,2,0,2,20.0%,63,60.0%,85,63,,,,,,P0322
2025,Aリーグ,レギュラー,56,かじ,レッドリボン軍,6,-14.1,-2.4,2.67,"37,100点",86,"9,400点",2,0,2,2,33.3%,33,66.7%,70,40,,,,,,P0090
2025,Aリーグ,レギュラー,57,w11ヨハン,TEAMS Rabbit_yohan,5,-23.8,-4.8,2.80,"77,300点",5,"4,100点",1,1,1,2,20.0%,64,60.0%,86,64,,,,,,P0062
2025,Aリーグ,レギュラー,58,ゆんゆん,武装,8,-29.9,-3.7,2.50,"39,800点",78,"6,200点",1,3,3,1,12.5%,75,87.5%,28,75,40,20,49,57,49,P0210
2025,Aリーグ,レギュラー,59,亜空間コツボー,MJAC愛好会,8,-30,-3.8,2.38,"44,900点",61,"-12,400点",1,4,2,1,12.5%,76,87.5%,29,76,41,21,50,46,50,P0227
2025,Aリーグ,レギュラー,60,炎上！炎上！,TEAM THE ChampLoo,7,-30.1,-4.3,2.57,"56,900点",26,"-21,400点",1,2,3,1,14.3%,74,85.7%,34,74,42,26,48,20,48,P0233
2025,Aリーグ,レギュラー,61,石川和男,SILVER WOLVES,11,-31.7,-2.9,2.55,"63,300点",16,"5,300点",1,5,3,2,9.1%,88,81.8%,45,88,43,32,62,12,62,P0285
2025,Aリーグ,レギュラー,62,赤哲,武装,9,-32.3,-3.6,2.56,"49,200点",43,"-4,900点",2,3,1,3,22.2%,57,66.7%,65,53,44,49,44,33,43,P0288
2025,Aリーグ,レギュラー,63,ｋｅｎ@あじと,TEAM AJITO,8,-38.6,-4.8,2.75,"51,200点",39,"10,300点",2,1,2,3,25.0%,51,62.5%,81,49,45,55,40,31,39,P0036
2025,Aリーグ,レギュラー,64,RUM,TEAMS Rabbit_yohan,6,-39.2,-6.5,2.50,"47,700点",47,"-22,300点",2,1,1,2,33.3%,34,66.7%,71,41,,,,,,P0054
2025,Aリーグ,レギュラー,65,しんじゃうツモ,武装,8,-39.4,-4.9,2.50,"33,100点",93,"17,000点",0,5,2,1,0.0%,90,87.5%,30,104,46,22,65,65,64,P0119
2025,Aリーグ,レギュラー,66,ソニア@SMY会,さわやかMJ野郎の会,8,-41.3,-5.2,2.50,"39,000点",81,"-9,000点",3,0,3,2,37.5%,19,75.0%,55,22,47,40,22,60,16,P0127
2025,Aリーグ,レギュラー,67,とらちゃん,TEAMS Rabbit_yohan,7,-48.8,-7,2.57,"38,800点",83,"3,600点",0,3,4,0,0.0%,91,100.0%,7,102,48,7,63,62,65,P0147
2025,Aリーグ,レギュラー,68,flantic,TEAM AJITO,2,-48.9,-24.5,3.00,"28,100点",103,"3,000点",0,1,0,1,0.0%,105,50.0%,98,90,,,,,,P0025
2025,Aリーグ,レギュラー,69,激昂ラージャン,Team MJ lovers,8,-50.5,-6.3,2.75,"53,500点",38,"1,900点",2,1,2,3,25.0%,52,62.5%,82,50,49,56,41,29,40,P0254
2025,Aリーグ,レギュラー,70,おかぴー,MJAC愛好会,9,-54.6,-6.1,2.56,"41,200点",70,"-11,200点",2,2,3,2,22.2%,58,77.8%,52,54,50,37,45,51,44,P0079
2025,Aリーグ,レギュラー,71,ysk,Team MJ lovers,7,-59.9,-8.6,2.43,"40,600点",73,"-31,600点",2,2,1,2,28.6%,45,71.4%,60,46,51,44,37,54,33,P0065
2025,Aリーグ,レギュラー,72,MS,TEAMS Rabbit_yohan,8,-64,-8,2.75,"54,700点",35,"-6,200点",2,1,2,3,25.0%,53,62.5%,83,51,52,57,42,28,41,P0043
2025,Aリーグ,レギュラー,73,喜多剛士@μ,Team MJ lovers,5,-70.3,-14.1,2.80,"40,300点",75,600点,1,1,1,2,20.0%,65,60.0%,87,65,,,,,,P0241
2025,Aリーグ,レギュラー,74,μゆぅちゃん,Team MJ lovers,3,-71,-23.7,3.00,"32,100点",95,"4,300点",0,1,1,1,0.0%,103,66.7%,79,92,,,,,,P0327
2025,Aリーグ,レギュラー,75,シーナー,TEAM THE ChampLoo,6,-73.1,-12.2,3.00,"61,400点",18,"11,000点",1,0,3,2,16.7%,69,66.7%,72,69,,,,,,P0111
2025,Aリーグ,レギュラー,76,神田大行,TEAM AJITO,6,-73.4,-12.2,2.83,"41,900点",68,"8,900点",1,1,2,2,16.7%,70,66.7%,73,70,,,,,,P0282
2025,Aリーグ,レギュラー,77,ぼうや,TEAM THE ChampLoo,7,-75.3,-10.8,2.71,"39,300点",80,"8,800点",0,3,3,1,0.0%,92,85.7%,35,103,53,27,64,59,66,P0177
2025,Aリーグ,レギュラー,78,ひぽきよし,TEAMS Rabbit_yohan,8,-77.4,-9.7,2.63,"40,000点",77,"-9,200点",1,3,2,2,12.5%,77,75.0%,56,77,54,41,51,56,51,P0162
2025,Aリーグ,レギュラー,79,ふとふと,TEAM THE ChampLoo,6,-80.2,-13.4,2.67,"35,200点",89,300点,0,3,2,1,0.0%,93,83.3%,39,97,,,,,,P0167
2025,Aリーグ,レギュラー,80,pokopoko1234,TEAM AJITO,5,-80.3,-16.1,2.80,"33,700点",92,"-4,200点",1,0,3,1,20.0%,66,80.0%,48,66,,,,,,P0049
2025,Aリーグ,レギュラー,81,鈴木正道,SSブルーバーズ,10,-82.8,-8.3,2.60,"39,500点",79,"4,800点",1,4,3,2,10.0%,86,80.0%,46,86,55,33,60,58,60,P0004
2025,Aリーグ,レギュラー,82,つよ,さわやかMJ野郎の会,6,-86.1,-14.4,2.83,"40,400点",74,"-14,500点",1,0,4,1,16.7%,71,83.3%,40,71,,,,,,P0139
2025,Aリーグ,レギュラー,83,おむ,SSブルーバーズ,9,-88.6,-9.8,2.67,"46,800点",50,"1,500点",1,3,3,2,11.1%,80,77.8%,53,80,56,38,54,37,54,P0086
2025,Aリーグ,レギュラー,84,Blue-K18,さわやかMJ野郎の会,6,-109.2,-18.2,3.00,"44,600点",62,"4,100点",1,0,3,2,16.7%,72,66.7%,74,72,,,,,,P0018
2025,Aリーグ,レギュラー,85,おもも,クレイジーダイヤモンド,6,-114,-19,2.83,"30,800点",99,"-4,200点",0,2,3,1,0.0%,94,83.3%,41,98,,,,,,P0087
2025,Aリーグ,レギュラー,86,五月雨真空,TEAM THE ChampLoo,6,-114.7,-19.1,2.83,"35,700点",88,"-6,000点",1,1,2,2,16.7%,73,66.7%,75,73,,,,,,P0257
2025,Aリーグ,レギュラー,87,打撃系ヤルカツ,MJAC愛好会,6,-118.8,-19.8,3.00,"46,500点",52,"-5,900点",2,0,0,4,33.3%,35,33.3%,105,42,,,,,,P0295
2025,Aリーグ,レギュラー,88,ベヘリット,レッドリボン軍,4,-122.1,-30.5,3.25,"28,400点",102,"-8,600点",0,1,1,2,0.0%,101,50.0%,97,93,,,,,,P0174
2025,Aリーグ,レギュラー,89,ツナマヨ,武装,9,-125.4,-13.9,2.78,"36,300点",87,-300点,1,3,2,3,11.1%,81,66.7%,66,81,57,50,55,64,55,P0138
2025,Aリーグ,レギュラー,90,サヴェ松田,SSブルーバーズ,9,-130.3,-14.5,2.89,"55,900点",33,"-10,700点",2,2,0,5,22.2%,59,44.4%,99,55,58,65,46,26,45,P0107
2025,Aリーグ,レギュラー,91,狐-style,TEAM THE ChampLoo,9,-132.1,-14.7,2.78,"58,200点",22,"-18,000点",1,3,2,3,11.1%,82,66.7%,67,82,59,51,56,17,56,P0256
2025,Aリーグ,レギュラー,92,溝渕智也,Team MJ lovers,15,-132.9,-8.9,2.73,"49,200点",43,"-5,100点",3,3,4,5,20.0%,60,66.7%,64,33,60,48,33,34,46,P0259
2025,Aリーグ,レギュラー,93,安住太一,TEAM AJITO,9,-136.4,-15.2,2.89,"45,400点",58,"3,400点",1,2,3,3,11.1%,83,66.7%,68,83,61,52,57,44,57,P0229
2025,Aリーグ,レギュラー,94,とと,レッドリボン軍,5,-136.6,-27.3,3.20,"37,800点",84,"-1,100点",1,0,1,3,20.0%,67,40.0%,101,67,,,,,,P0144
2025,Aリーグ,レギュラー,95,B地区,レッドリボン軍,5,-141.7,-28.3,3.20,"31,100点",97,"2,300点",0,2,0,3,0.0%,98,40.0%,102,94,,,,,,P0021
2025,Aリーグ,レギュラー,96,中出雄介,Team MJ lovers,5,-147.6,-29.5,3.20,"30,000点",100,"-12,900点",0,2,0,3,0.0%,99,40.0%,103,95,,,,,,P0298
2025,Aリーグ,レギュラー,97,海賊王,さわやかMJ野郎の会,9,-159.4,-17.7,2.89,"40,100点",76,"-10,700点",1,2,3,3,11.1%,84,66.7%,69,84,62,53,58,55,58,P0238
2025,Aリーグ,レギュラー,98,つかぴー,MJAC愛好会,6,-162.3,-27.1,3.17,"30,900点",98,"6,400点",0,1,3,2,0.0%,95,66.7%,76,99,,,,,,P0137
2025,Aリーグ,レギュラー,99,やまだたろう,TEAM THE ChampLoo,6,-167.9,-28,3.33,"27,000点",105,"10,200点",0,1,2,3,0.0%,96,50.0%,95,100,,,,,,P0201
2025,Aリーグ,レギュラー,100,湾奥アングラー,MJAC愛好会,8,-171.1,-21.4,3.13,"38,900点",82,"6,000点",1,1,2,4,12.5%,78,50.0%,92,78,63,63,52,61,52,P0323
2025,Aリーグ,レギュラー,101,はなびん,さわやかMJ野郎の会,6,-190.3,-31.7,3.17,"32,900点",94,"-14,300点",0,2,1,3,0.0%,97,50.0%,96,101,,,,,,P0159
2025,Aリーグ,レギュラー,102,あばだんご,TEAM AJITO,5,-192.1,-38.4,3.60,"31,500点",96,"-7,500点",0,0,2,3,0.0%,100,40.0%,104,96,,,,,,P0069
2025,Aリーグ,レギュラー,103,乙子,武装,8,-192.3,-24,3.13,"43,500点",64,"-3,900点",1,1,2,4,12.5%,79,50.0%,93,79,64,64,53,48,53,P0236
2025,Aリーグ,レギュラー,104,TOM,TEAM AJITO,10,-228.9,-22.9,3.10,"37,400点",85,"-3,000点",2,1,1,6,20.0%,61,40.0%,100,56,65,66,47,63,47,P0057
2025,Aリーグ,レギュラー,105,とむとむ,武装,10,-342.5,-34.3,3.30,"27,200点",104,"-20,500点",0,1,5,4,0.0%,89,60.0%,84,105,66,58,66,66,63,P0146
2025,Bリーグ,セミファイナル,1,サンタマルコ,ＺＯＯ,3,116.4,38.8,1.67,"62,100点",3,"20,100点",2,0,1,0,66.7%,4,100.0%,4,2,,,,,,P0110
2025,Bリーグ,セミファイナル,2,カルア,HIVE,2,116.2,58.1,1.00,"38,500点",19,"37,700点",2,0,0,0,100.0%,1,100.0%,12,1,,,,,,P0093
2025,Bリーグ,セミファイナル,3,リョータ,最強位ズ,3,92.4,30.8,1.67,"43,600点",11,"14,600点",2,0,1,0,66.7%,5,100.0%,5,3,,,,,,P0217
2025,Bリーグ,セミファイナル,4,郷 ひろし,HIVE,3,92.2,30.7,1.67,"39,700点",14,"17,200点",2,0,1,0,66.7%,6,100.0%,6,4,,,,,,P0250
2025,Bリーグ,セミファイナル,5,嫁 KI CHI,ＺＯＯ,1,87,87,1.00,"67,000点",1,"67,000点",1,0,0,0,100.0%,2,100.0%,17,7,,,,,,P0237
2025,Bリーグ,セミファイナル,6,べびたん,enjoyすればイイ雀！,3,70.2,23.4,2.00,"42,000点",13,"10,100点",2,0,0,1,66.7%,7,66.7%,25,5,,,,,,P0173
2025,Bリーグ,セミファイナル,7,じゅねこ,enjoyすればイイ雀！,1,66.6,66.6,1.00,"46,600点",10,"46,600点",1,0,0,0,100.0%,3,100.0%,18,8,,,,,,P0116
2025,Bリーグ,セミファイナル,7,ｒｒｒｒｒｒ,最強位ズ,3,66.6,22.2,1.67,"34,100点",26,"24,300点",1,2,0,0,33.3%,10,100.0%,7,10,,,,,,P0053
2025,Bリーグ,セミファイナル,9,シクラメン富男,たちこまーず,4,63.1,15.8,2.25,"39,500点",16,"17,100点",2,0,1,1,50.0%,8,75.0%,21,6,,,,,,P0113
2025,Bリーグ,セミファイナル,10,ミッキー柳井,電光石火,4,56.7,14.2,2.00,"39,200点",17,"20,600点",1,2,1,0,25.0%,16,100.0%,2,16,,,,,,P0194
2025,Bリーグ,セミファイナル,11,魔王,電光石火,3,40.5,13.5,2.00,"39,200点",17,"19,800点",1,1,1,0,33.3%,11,100.0%,8,11,,,,,,P0312
2025,Bリーグ,セミファイナル,12,としや,たちこまーず,3,38.4,12.8,2.33,"55,000点",5,"12,900点",1,1,0,1,33.3%,12,66.7%,26,12,,,,,,P0142
2025,Bリーグ,セミファイナル,13,JILL,たちこまーず,2,36.5,18.3,2.00,"39,600点",15,"16,900点",1,0,1,0,50.0%,9,100.0%,13,9,,,,,,P0033
2025,Bリーグ,セミファイナル,14,リー,HIVE,3,35.1,11.7,2.33,"47,200点",9,"10,900点",1,1,0,1,33.3%,13,66.7%,27,13,,,,,,P0213
2025,Bリーグ,セミファイナル,15,けっけ,電光石火,4,27.9,7,2.25,"38,400点",20,"15,900点",1,2,0,1,25.0%,17,75.0%,22,17,,,,,,P0102
2025,Bリーグ,セミファイナル,16,Blush,enjoyすればイイ雀！,3,21.1,7,2.33,"37,900点",21,"12,500点",1,1,0,1,33.3%,14,66.7%,28,14,,,,,,P0019
2025,Bリーグ,セミファイナル,17,かに,enjoyすればイイ雀！,2,15.2,7.6,2.00,"32,200点",28,"23,000点",0,2,0,0,0.0%,33,100.0%,14,27,,,,,,P0091
2025,Bリーグ,セミファイナル,18,ねこます,最強位ズ,4,11.7,2.9,2.25,"36,900点",23,"7,400点",1,1,2,0,25.0%,18,100.0%,3,18,,,,,,P0155
2025,Bリーグ,セミファイナル,19,七対子大好き,enjoyすればイイ雀！,1,10.2,10.2,2.00,"30,200点",31,"30,200点",0,1,0,0,0.0%,39,100.0%,19,25,,,,,,P0267
2025,Bリーグ,セミファイナル,20,どっち？弾平,電光石火,3,7.8,2.6,2.33,"42,400点",12,"15,700点",0,2,1,0,0.0%,27,100.0%,9,33,,,,,,P0143
2025,Bリーグ,セミファイナル,21,ブ茶ラティ,最強位ズ,3,3.5,1.2,2.33,"32,000点",30,"21,200点",0,2,1,0,0.0%,28,100.0%,10,34,,,,,,P0171
2025,Bリーグ,セミファイナル,22,よつば@tobi,たちこまーず,3,-5.7,-1.9,2.33,"28,300点",33,"23,000点",0,2,1,0,0.0%,29,100.0%,11,35,,,,,,P0211
2025,Bリーグ,セミファイナル,23,銀河,enjoyすればイイ雀！,6,-12.9,-2.2,2.67,"57,400点",4,"20,100点",1,1,3,1,16.7%,24,83.3%,20,24,,,,,,P0253
2025,Bリーグ,セミファイナル,24,まびたん,最強位ズ,4,-13.8,-3.5,2.50,"34,900点",25,"11,500点",1,1,1,1,25.0%,19,75.0%,23,19,,,,,,P0187
2025,Bリーグ,セミファイナル,25,せいたろう,HIVE,4,-17.4,-4.4,2.75,"48,600点",8,900点,1,1,0,2,25.0%,20,50.0%,32,20,,,,,,P0122
2025,Bリーグ,セミファイナル,26,せなmam@,enjoyすればイイ雀！,3,-21.3,-7.1,2.67,"37,300点",22,"13,100点",0,2,0,1,0.0%,30,66.7%,29,36,,,,,,P0124
2025,Bリーグ,セミファイナル,27,Bu Ki Chi,ＺＯＯ,4,-26.2,-6.6,2.75,"53,300点",6,"1,600点",1,0,2,1,25.0%,21,75.0%,24,21,,,,,,P0020
2025,Bリーグ,セミファイナル,28,ミズゴロウ♂,たちこまーず,3,-31.7,-10.6,2.67,"35,500点",24,"-3,100点",1,0,1,1,33.3%,15,66.7%,30,15,,,,,,P0193
2025,Bリーグ,セミファイナル,29,ゆん,HIVE,2,-35.5,-17.8,3.00,"33,800点",27,"10,700点",0,1,0,1,0.0%,34,50.0%,34,28,,,,,,P0209
2025,Bリーグ,セミファイナル,30,EmperorTime,電光石火,2,-41.4,-20.7,3.00,"20,900点",36,"17,700点",0,0,2,0,0.0%,35,100.0%,15,29,,,,,,P0024
2025,Bリーグ,セミファイナル,31,rinruka,ＺＯＯ,5,-50.7,-10.1,2.60,"24,800点",34,"19,300点",0,2,3,0,0.0%,25,100.0%,1,40,,,,,,P0052
2025,Bリーグ,セミファイナル,32,たちこま,たちこまーず,2,-51.1,-25.6,3.00,"16,100点",38,"12,800点",0,0,2,0,0.0%,36,100.0%,16,30,,,,,,P0134
2025,Bリーグ,セミファイナル,33,ブロッケンG,enjoyすればイイ雀！,1,-57.2,-57.2,4.00,"2,800点",40,"2,800点",0,0,0,1,0.0%,40,0.0%,40,26,,,,,,P0170
2025,Bリーグ,セミファイナル,34,Hiromu,最強位ズ,3,-60.2,-20.1,3.00,"32,100点",29,"-3,200点",0,1,1,1,0.0%,31,66.7%,31,37,,,,,,P0030
2025,Bリーグ,セミファイナル,35,k-k,電光石火,4,-60.9,-15.2,3.00,"64,800点",2,"-4,600点",1,0,1,2,25.0%,22,50.0%,33,22,,,,,,P0034
2025,Bリーグ,セミファイナル,36,すー,ＺＯＯ,5,-80,-16,3.00,"51,100点",7,"-6,500点",1,1,0,3,20.0%,23,40.0%,35,23,,,,,,P0121
2025,Bリーグ,セミファイナル,37,おぼろ,HIVE,2,-91.2,-45.6,4.00,"18,900点",37,"9,900点",0,0,0,2,0.0%,37,0.0%,38,31,,,,,,P0085
2025,Bリーグ,セミファイナル,38,戯言遣い,ＺＯＯ,2,-103.4,-51.7,4.00,"11,200点",39,"5,400点",0,0,0,2,0.0%,38,0.0%,39,32,,,,,,P0242
2025,Bリーグ,セミファイナル,39,はち,たちこまーず,3,-139.2,-46.4,3.67,"22,200点",35,"-1,300点",0,0,1,2,0.0%,32,33.3%,36,38,,,,,,P0157
2025,Bリーグ,セミファイナル,40,最後のZ戦士達,HIVE,4,-175.5,-43.9,3.75,"29,000点",32,"-7,500点",0,0,1,3,0.0%,26,25.0%,37,39,,,,,,P0261
2025,Bリーグ,ファイナル,1,坊や哲,たちこまーず,2,137.4,68.7,1.00,"55,500点",1,"41,900点",2,0,0,0,100.0%,1,100.0%,6,1,,,,,,P0310
2025,Bリーグ,ファイナル,2,ブ茶ラティ,最強位ズ,2,130.5,65.3,1.00,"48,400点",4,"42,100点",2,0,0,0,100.0%,2,100.0%,7,2,,,,,,P0171
2025,Bリーグ,ファイナル,3,たちこま,たちこまーず,3,124.3,41.4,1.67,"55,400点",2,"25,300点",2,0,1,0,66.7%,4,100.0%,2,3,,,,,,P0134
2025,Bリーグ,ファイナル,4,はち,たちこまーず,2,61.6,30.8,1.50,"34,500点",13,"27,100点",1,1,0,0,50.0%,5,100.0%,8,5,,,,,,P0157
2025,Bリーグ,ファイナル,5,EmperorTime,電光石火,1,53,53,1.00,"33,000点",14,"33,000点",1,0,0,0,100.0%,3,100.0%,14,4,,,,,,P0024
2025,Bリーグ,ファイナル,6,サンタマルコ,ＺＯＯ,3,51.2,17.1,2.00,"44,800点",5,"17,500点",1,1,1,0,33.3%,9,100.0%,3,9,,,,,,P0110
2025,Bリーグ,ファイナル,7,ねこます,最強位ズ,2,46.7,23.4,2.00,"51,300点",3,"15,400点",1,0,1,0,50.0%,6,100.0%,9,6,,,,,,P0155
2025,Bリーグ,ファイナル,8,魔王,電光石火,2,44.5,22.3,2.00,"36,300点",8,"28,200点",1,0,1,0,50.0%,7,100.0%,10,7,,,,,,P0312
2025,Bリーグ,ファイナル,9,リョータ,最強位ズ,3,22,7.3,2.33,"36,300点",8,"17,700点",1,0,2,0,33.3%,10,100.0%,4,10,,,,,,P0217
2025,Bリーグ,ファイナル,10,けっけ,電光石火,2,19.5,9.8,2.00,"35,200点",12,"24,300点",0,2,0,0,0.0%,15,100.0%,11,15,,,,,,P0102
2025,Bリーグ,ファイナル,11,k-k,電光石火,2,8.4,4.2,2.50,"38,900点",6,"9,500点",1,0,0,1,50.0%,8,50.0%,17,8,,,,,,P0034
2025,Bリーグ,ファイナル,12,Hiromu,最強位ズ,2,-9.2,-4.6,2.50,"28,300点",17,"22,500点",0,1,1,0,0.0%,16,100.0%,12,16,,,,,,P0030
2025,Bリーグ,ファイナル,13,Bu Ki Chi,ＺＯＯ,4,-14.8,-3.7,2.50,"35,700点",11,"20,200点",0,2,2,0,0.0%,12,100.0%,1,26,,,,,,P0020
2025,Bリーグ,ファイナル,14,rinruka,ＺＯＯ,2,-17.7,-8.9,2.50,"25,300点",21,"17,000点",0,1,1,0,0.0%,17,100.0%,13,17,,,,,,P0052
2025,Bリーグ,ファイナル,15,としや,たちこまーず,1,-23.2,-23.2,3.00,"16,800点",22,"16,800点",0,0,1,0,0.0%,24,100.0%,15,12,,,,,,P0142
2025,Bリーグ,ファイナル,16,シクラメン富男,たちこまーず,2,-27.1,-13.6,3.00,"38,400点",7,"14,500点",0,1,0,1,0.0%,18,50.0%,18,18,,,,,,P0113
2025,Bリーグ,ファイナル,17,戯言遣い,ＺＯＯ,2,-38,-19,3.00,"35,800点",10,"6,200点",0,1,0,1,0.0%,19,50.0%,19,19,,,,,,P0242
2025,Bリーグ,ファイナル,18,どっち？弾平,電光石火,2,-41.2,-20.6,3.00,"25,400点",20,"13,400点",0,1,0,1,0.0%,20,50.0%,20,20,,,,,,P0143
2025,Bリーグ,ファイナル,19,フミオ,電光石火,3,-41.7,-13.9,2.67,"30,000点",16,"13,400点",0,1,2,0,0.0%,13,100.0%,5,24,,,,,,P0168
2025,Bリーグ,ファイナル,20,まびたん,最強位ズ,2,-45.6,-22.8,3.00,"27,400点",18,"7,000点",0,1,0,1,0.0%,21,50.0%,21,21,,,,,,P0187
2025,Bリーグ,ファイナル,21,よつば@tobi,たちこまーず,1,-50.3,-50.3,4.00,"9,700点",25,"9,700点",0,0,0,1,0.0%,25,0.0%,25,13,,,,,,P0211
2025,Bリーグ,ファイナル,22,すー,ＺＯＯ,3,-53.7,-17.9,3.00,"32,300点",15,"6,700点",1,0,0,2,33.3%,11,33.3%,22,11,,,,,,P0121
2025,Bリーグ,ファイナル,23,ｒｒｒｒｒｒ,最強位ズ,3,-57.1,-19,3.00,"26,300点",19,"16,700点",0,1,1,1,0.0%,14,66.7%,16,25,,,,,,P0053
2025,Bリーグ,ファイナル,24,ミズゴロウ♂,たちこまーず,1,-60.3,-60.3,4.00,-300点,26,-300点,0,0,0,1,0.0%,26,0.0%,26,14,,,,,,P0193
2025,Bリーグ,ファイナル,25,ミッキー柳井,電光石火,2,-102.9,-51.5,4.00,"12,100点",23,"5,000点",0,0,0,2,0.0%,22,0.0%,23,22,,,,,,P0194
2025,Bリーグ,ファイナル,26,JILL,たちこまーず,2,-116.3,-58.2,4.00,"9,800点",24,"-6,100点",0,0,0,2,0.0%,23,0.0%,24,23,,,,,,P0033
2025,Bリーグ,レギュラー,1,魔王,電光石火,13,280.7,21.6,2.00,"66,800点",9,"-3,800点",6,2,4,1,46.2%,6,92.3%,7,2,1,5,2,9,4,P0312
2025,Bリーグ,レギュラー,2,すー,ＺＯＯ,12,255.2,21.3,1.92,"48,000点",40,"3,200点",6,2,3,1,50.0%,4,91.7%,9,1,2,7,1,35,2,P0121
2025,Bリーグ,レギュラー,3,戯言遣い,ＺＯＯ,15,239,15.9,2.20,"88,800点",3,"6,700点",5,4,4,2,33.3%,23,86.7%,18,10,3,16,10,3,20,P0242
2025,Bリーグ,レギュラー,4,女帝ハンコック,サクラフレンズ,13,192.8,14.8,2.08,"61,500点",12,"-19,200点",6,3,1,3,46.2%,7,76.9%,43,3,4,36,3,12,5,P0271
2025,Bリーグ,レギュラー,5,たちこま,たちこまーず,7,188.8,27,2.00,"77,800点",4,"12,600点",4,0,2,1,57.1%,3,85.7%,19,12,5,17,11,4,1,P0134
2025,Bリーグ,レギュラー,6,JILL,たちこまーず,10,188.7,18.9,2.10,"69,900点",7,"-21,000点",5,1,2,2,50.0%,5,80.0%,28,5,6,23,5,7,3,P0033
2025,Bリーグ,レギュラー,7,miiko,ガラスのお面,14,187,13.4,2.14,"71,200点",5,-200点,4,7,0,3,28.6%,34,78.6%,35,20,7,28,19,5,28,P0041
2025,Bリーグ,レギュラー,8,よつば@tobi,たちこまーず,6,184.4,30.7,1.67,"43,800点",51,"9,000点",4,1,0,1,66.7%,1,83.3%,21,11,,,,,,P0211
2025,Bリーグ,レギュラー,9,鞘,チームミラデミア,13,184.2,14.2,2.23,"57,600点",17,"-14,400点",6,1,3,3,46.2%,8,76.9%,44,4,8,37,4,16,6,P0278
2025,Bリーグ,レギュラー,10,ブ茶ラティ,最強位ズ,11,175.3,15.9,2.09,"55,200点",23,"9,600点",4,4,1,2,36.4%,19,81.8%,24,15,9,19,14,20,16,P0171
2025,Bリーグ,レギュラー,11,カルア,HIVE,8,167.1,20.9,1.88,"43,500点",52,"19,900点",3,3,2,0,37.5%,17,100.0%,2,25,10,2,23,46,14,P0093
2025,Bリーグ,レギュラー,12,羽田暁音,おたまーず,7,162,23.1,1.86,"53,300点",29,"18,400点",3,2,2,0,42.9%,12,100.0%,3,23,11,3,21,26,10,P0232
2025,Bリーグ,レギュラー,13,サンタマルコ,ＺＯＯ,14,158.5,11.3,2.21,"68,300点",8,-900点,5,4,2,3,35.7%,22,78.6%,36,9,12,29,9,8,19,P0110
2025,Bリーグ,レギュラー,14,ｒｒｒｒｒｒ,最強位ズ,11,157.3,14.3,2.09,"50,000点",32,"1,300点",5,2,2,2,45.5%,9,81.8%,25,6,13,20,6,29,7,P0053
2025,Bリーグ,レギュラー,15,はち,たちこまーず,9,156.9,17.4,2.11,"49,700点",34,"13,100点",4,2,1,2,44.4%,10,77.8%,38,13,14,31,12,31,8,P0157
2025,Bリーグ,レギュラー,16,リー,HIVE,7,139.6,19.9,2.14,"55,500点",22,"9,300点",3,1,2,1,42.9%,13,85.7%,20,24,15,18,22,19,11,P0213
2025,Bリーグ,レギュラー,17,せなmam@,enjoyすればイイ雀！,10,138.5,13.9,2.30,"96,300点",1,"-1,100点",3,3,2,2,30.0%,31,80.0%,29,29,16,24,27,1,25,P0124
2025,Bリーグ,レギュラー,18,坊や哲,たちこまーず,11,133.9,12.2,2.27,"94,300点",2,"4,800点",3,4,2,2,27.3%,35,81.8%,26,32,17,21,30,2,29,P0310
2025,Bリーグ,レギュラー,19,k-k,電光石火,9,115.8,12.9,2.11,"46,700点",43,"-2,100点",4,2,1,2,44.4%,11,77.8%,39,14,18,32,13,38,9,P0034
2025,Bリーグ,レギュラー,20,☆魔雀T塾生☆,教室生☆KSC,14,113.6,8.1,2.29,"49,600点",35,"-5,300点",3,7,1,3,21.4%,48,78.6%,37,36,19,30,34,32,41,P0010
2025,Bリーグ,レギュラー,21,Blush,enjoyすればイイ雀！,12,109.6,9.1,2.33,"45,800点",48,"-7,400点",5,2,1,4,41.7%,14,66.7%,65,7,20,56,7,43,12,P0019
2025,Bリーグ,レギュラー,22,せいたろう,HIVE,12,105,8.8,2.25,"48,100点",39,"-1,500点",5,2,2,3,41.7%,15,75.0%,46,8,21,39,8,34,13,P0122
2025,Bリーグ,レギュラー,23,ゆん,HIVE,5,90,18,2.20,"49,300点",36,"-3,700点",3,0,0,2,60.0%,2,60.0%,73,22,,,,,,P0209
2025,Bリーグ,レギュラー,24,銀河,enjoyすればイイ雀！,11,88.2,8,2.18,"42,200点",55,"9,400点",2,6,2,1,18.2%,56,90.9%,10,51,22,8,46,49,46,P0253
2025,Bリーグ,レギュラー,25,嫁 KI CHI,ＺＯＯ,3,87.7,29.2,1.67,"41,000点",59,"29,700点",1,2,0,0,33.3%,30,100.0%,6,54,,,,,,P0237
2025,Bリーグ,レギュラー,26,ミッキー柳井,電光石火,9,81.7,9.1,2.11,"46,400点",45,"1,600点",3,3,2,1,33.3%,26,88.9%,11,27,23,9,25,40,23,P0194
2025,Bリーグ,レギュラー,27,捜査一課長,サクラフレンズ,5,72.7,14.5,2.20,"56,200点",20,"15,500点",2,0,3,0,40.0%,16,100.0%,5,37,,,,,,P0292
2025,Bリーグ,レギュラー,28,とみちよ,ガラスのお面,8,71.2,8.9,2.38,"61,600点",11,"7,600点",3,1,2,2,37.5%,18,75.0%,48,26,24,41,24,11,15,P0145
2025,Bリーグ,レギュラー,29,りょう,ガラスのお面,16,70.8,4.4,2.38,"55,000点",25,"-10,100点",4,6,2,4,25.0%,38,75.0%,45,21,25,38,20,22,32,P0216
2025,Bリーグ,レギュラー,30,まびたん,最強位ズ,11,69.1,6.3,2.36,"61,300点",13,"2,100点",3,3,3,2,27.3%,36,81.8%,27,33,26,22,31,13,30,P0187
2025,Bリーグ,レギュラー,31,ねこます,最強位ズ,11,59.7,5.4,2.45,"57,500点",18,"9,100点",4,1,3,3,36.4%,20,72.7%,51,16,27,42,15,17,17,P0155
2025,Bリーグ,レギュラー,32,たくおっち,他力本願寺,6,53.7,9,2.33,"58,900点",16,"4,700点",2,1,2,1,33.3%,28,83.3%,22,38,,,,,,P0132
2025,Bリーグ,レギュラー,33,シクラメン富男,たちこまーず,7,42.7,6.1,2.29,"54,800点",26,"21,500点",1,3,3,0,14.3%,59,100.0%,4,59,28,4,49,23,49,P0113
2025,Bリーグ,レギュラー,34,鰤トニー,おたまーず,9,39.5,4.4,2.56,"70,600点",6,"5,300点",3,0,4,2,33.3%,27,77.8%,40,28,29,33,26,6,24,P0326
2025,Bリーグ,レギュラー,35,‪☆徳徳☆,サクラフレンズ,12,29.6,2.5,2.50,"66,600点",10,"5,900点",4,2,2,4,33.3%,24,66.7%,66,18,30,57,17,10,21,P0009
2025,Bリーグ,レギュラー,36,まぽぽ,HIVE,9,24.9,2.8,2.56,"61,100点",14,"8,900点",2,1,5,1,22.2%,42,88.9%,12,41,31,10,36,14,35,P0188
2025,Bリーグ,レギュラー,37,エイデン二号機,おたまーず,10,24.1,2.4,2.50,"60,100点",15,"7,000点",2,3,3,2,20.0%,49,80.0%,30,47,32,25,42,15,42,P0075
2025,Bリーグ,レギュラー,38,ミズゴロウ♂,たちこまーず,9,22.3,2.5,2.33,"42,000点",57,"-2,400点",2,3,3,1,22.2%,43,88.9%,13,42,33,11,37,51,36,P0193
2025,Bリーグ,レギュラー,39,かに,enjoyすればイイ雀！,6,18.5,3.1,2.50,"49,000点",37,"14,600点",2,0,3,1,33.3%,29,83.3%,23,39,,,,,,P0091
2025,Bリーグ,レギュラー,40,桐生れいか,他力本願寺,10,10.2,1,2.40,"51,300点",30,"20,300点",1,4,5,0,10.0%,68,100.0%,1,68,34,1,58,27,58,P0252
2025,Bリーグ,レギュラー,41,w-baby,教室生☆KSC,10,9.5,1,2.40,"38,300点",71,"5,200点",2,4,2,2,20.0%,50,80.0%,31,48,35,26,43,61,43,P0060
2025,Bリーグ,レギュラー,42,EmperorTime,電光石火,8,8.3,1,2.38,"48,800点",38,"7,000点",1,4,2,1,12.5%,64,87.5%,16,64,36,14,54,33,54,P0024
2025,Bリーグ,レギュラー,43,やっちょ,チームミラデミア,5,4.7,0.9,2.60,"57,400点",19,"18,400点",1,1,2,1,20.0%,53,80.0%,33,56,,,,,,P0200
2025,Bリーグ,レギュラー,44,どっち？弾平,電光石火,8,4.3,0.5,2.38,"42,000点",57,"10,500点",2,2,3,1,25.0%,39,87.5%,17,40,37,15,35,52,33,P0143
2025,Bリーグ,レギュラー,45,べびたん,enjoyすればイイ雀！,12,0.8,0.1,2.58,"40,700点",63,"-2,100点",4,0,5,3,33.3%,25,75.0%,47,19,38,40,18,56,22,P0173
2025,Bリーグ,レギュラー,46,大佐@天極牌,ガラスのお面,9,-2,-0.2,2.56,"36,800点",72,"9,200点",2,2,3,2,22.2%,44,77.8%,41,43,39,34,38,62,37,P0296
2025,Bリーグ,レギュラー,47,七対子大好き,enjoyすればイイ雀！,4,-9.4,-2.4,2.25,"36,700点",73,"-18,900点",1,2,0,1,25.0%,40,75.0%,49,55,,,,,,P0267
2025,Bリーグ,レギュラー,48,くすだま,サクラフレンズ,11,-11.9,-1.1,2.45,"53,500点",28,"-3,900点",3,3,2,3,27.3%,37,72.7%,52,34,40,43,32,25,31,P0098
2025,Bリーグ,レギュラー,49,けっけ,電光石火,10,-12.3,-1.2,2.60,"46,800点",42,"9,000点",3,1,3,3,30.0%,32,70.0%,58,30,41,49,28,37,26,P0102
2025,Bリーグ,レギュラー,50,ゆう,ガラスのお面,7,-23,-3.3,2.57,"50,200点",31,"3,100点",1,3,1,2,14.3%,60,71.4%,57,60,42,48,50,28,50,P0202
2025,Bリーグ,レギュラー,51,おぼろ,HIVE,4,-23.9,-6,2.50,"34,500点",79,"2,900点",0,3,0,1,0.0%,85,75.0%,50,79,,,,,,P0085
2025,Bリーグ,レギュラー,52,なおきち,サクラフレンズ,9,-41.8,-4.6,2.56,"47,500点",41,"14,800点",0,5,3,1,0.0%,76,88.9%,14,87,43,12,67,36,66,P0149
2025,Bリーグ,レギュラー,53,。☆悠紀子☆。,教室生☆KSC,9,-52.1,-5.8,2.67,"54,200点",27,"-22,100点",2,2,2,3,22.2%,45,66.7%,67,44,44,58,39,24,38,P0002
2025,Bリーグ,レギュラー,54,長谷川,他力本願寺,13,-57.2,-4.4,2.62,"45,800点",48,"4,100点",2,5,2,4,15.4%,58,69.2%,62,53,45,53,48,44,48,P0301
2025,Bリーグ,レギュラー,55,フミオ,電光石火,9,-57.3,-6.4,2.56,"45,700点",50,"-4,300点",1,3,4,1,11.1%,67,88.9%,15,67,46,13,57,45,57,P0168
2025,Bリーグ,レギュラー,56,Bu Ki Chi,ＺＯＯ,9,-59.6,-6.6,2.67,"42,600点",53,"5,500点",2,2,2,3,22.2%,46,66.7%,68,45,47,59,40,47,39,P0020
2025,Bリーグ,レギュラー,57,YOU太郎,他力本願寺,11,-63.5,-5.8,2.55,"41,000点",59,"-23,900点",4,1,2,4,36.4%,21,63.6%,71,17,48,61,16,53,18,P0064
2025,Bリーグ,レギュラー,58,最後のZ戦士達,HIVE,9,-71.7,-8,2.67,"39,900点",65,"-8,600点",2,2,2,3,22.2%,47,66.7%,69,46,49,60,41,57,40,P0261
2025,Bリーグ,レギュラー,59,灰鶴,他力本願寺,10,-73.2,-7.3,2.70,"55,100点",24,"-4,900点",3,0,4,3,30.0%,33,70.0%,59,31,50,50,29,21,27,P0239
2025,Bリーグ,レギュラー,60,Lucky,ガラスのお面,2,-73.3,-36.7,3.50,"21,200点",87,"5,500点",0,0,1,1,0.0%,87,50.0%,83,75,,,,,,P0039
2025,Bリーグ,レギュラー,61,ルイ14世,他力本願寺,3,-74.1,-24.7,3.33,"28,400点",84,"14,800点",0,0,2,1,0.0%,86,66.7%,70,78,,,,,,P0218
2025,Bリーグ,レギュラー,62,リョータ,最強位ズ,11,-74.7,-6.8,2.64,"39,700点",66,"-4,200点",2,3,3,3,18.2%,57,72.7%,53,52,51,44,47,58,47,P0217
2025,Bリーグ,レギュラー,63,凡野,おたまーず,10,-76.5,-7.7,2.70,"50,000点",32,"4,900点",2,2,3,3,20.0%,51,70.0%,60,49,52,51,44,30,44,P0311
2025,Bリーグ,レギュラー,64,ブロッケンG,enjoyすればイイ雀！,5,-78.2,-15.6,2.80,"31,800点",82,"-13,200点",1,1,1,2,20.0%,54,60.0%,74,57,,,,,,P0170
2025,Bリーグ,レギュラー,65,とり,他力本願寺,13,-80.6,-6.2,2.62,"45,900点",47,"-11,100点",3,3,3,4,23.1%,41,69.2%,63,35,53,54,33,42,34,P0148
2025,Bリーグ,レギュラー,66,ココロん,チームミラデミア,10,-83.9,-8.4,2.80,"41,000点",59,"10,900点",1,3,3,3,10.0%,69,70.0%,61,69,54,52,59,54,59,P0104
2025,Bリーグ,レギュラー,67,rinruka,ＺＯＯ,13,-84.5,-6.5,2.62,"40,900点",62,"3,200点",1,4,7,1,7.7%,73,92.3%,8,73,55,6,63,55,63,P0052
2025,Bリーグ,レギュラー,68,一之瀬 優,HIVE,2,-86.4,-43.2,3.50,"10,300点",89,"3,300点",0,0,1,1,0.0%,88,50.0%,84,76,,,,,,P0230
2025,Bリーグ,レギュラー,69,may,チームミラデミア,5,-88.4,-17.7,2.80,"29,000点",83,"-6,000点",0,2,2,1,0.0%,82,80.0%,34,80,,,,,,P0040
2025,Bリーグ,レギュラー,70,川端由紀,教室生☆KSC,9,-93.5,-10.4,2.78,"35,600点",75,"16,900点",0,4,3,2,0.0%,77,77.8%,42,88,56,35,68,64,67,P0289
2025,Bリーグ,レギュラー,71,二階堂ゴリエ,おたまーず,7,-95.2,-13.6,2.86,"46,700点",43,"3,000点",1,2,1,3,14.3%,61,57.1%,76,61,57,63,51,39,51,P0306
2025,Bリーグ,レギュラー,72,セシル,サクラフレンズ,2,-98.4,-49.2,4.00,"11,100点",88,"10,500点",0,0,0,2,0.0%,89,0.0%,89,77,,,,,,P0123
2025,Bリーグ,レギュラー,73,もっこり,おたまーず,10,-104,-10.4,2.90,"56,200点",20,"4,900点",2,2,1,5,20.0%,52,50.0%,78,50,58,65,45,18,45,P0198
2025,Bリーグ,レギュラー,74,おたま♪,おたまーず,5,-125.3,-25.1,3.20,"39,500点",67,"4,800点",1,0,1,3,20.0%,55,40.0%,87,58,,,,,,P0084
2025,Bリーグ,レギュラー,75,Redstar,教室生☆KSC,11,-129.8,-11.8,2.73,"35,200点",77,"6,200点",1,4,3,3,9.1%,70,72.7%,54,70,59,45,60,66,60,P0051
2025,Bリーグ,レギュラー,76,レレレ,ガラスのお面,5,-132.4,-26.5,3.00,"38,400点",70,"-24,800点",0,2,1,2,0.0%,83,60.0%,75,81,,,,,,P0222
2025,Bリーグ,レギュラー,77,inter,チームミラデミア,7,-137.4,-19.6,3.00,"42,500点",54,"3,700点",1,1,2,3,14.3%,62,57.1%,77,62,60,64,52,48,52,P0031
2025,Bリーグ,レギュラー,78,じゅねこ,enjoyすればイイ雀！,6,-143.6,-23.9,3.17,"40,100点",64,"5,800点",0,2,1,3,0.0%,80,50.0%,81,83,,,,,,P0116
2025,Bリーグ,レギュラー,79,超番長ケイン,チームミラデミア,7,-143.7,-20.5,3.14,"32,000点",81,"6,300点",1,1,1,4,14.3%,63,42.9%,85,63,61,68,53,69,53,P0300
2025,Bリーグ,レギュラー,80,Nukoshi,チームミラデミア,11,-162.8,-14.8,2.91,"39,000点",68,"-1,000点",1,2,5,3,9.1%,71,72.7%,55,71,62,46,61,59,61,P0048
2025,Bリーグ,レギュラー,81,郷 ひろし,HIVE,10,-167.5,-16.8,2.90,"35,300点",76,"1,300点",0,3,5,2,0.0%,75,80.0%,32,89,63,27,69,65,65,P0250
2025,Bリーグ,レギュラー,82,桜咲ななみ,サクラフレンズ,8,-172.5,-21.6,3.00,"46,100点",46,"-15,400点",0,4,0,4,0.0%,78,50.0%,79,86,64,66,66,41,68,P0262
2025,Bリーグ,レギュラー,83,ひろとだポン,チームミラデミア,8,-185.3,-23.2,3.00,"38,800点",69,"-17,900点",1,2,1,4,12.5%,65,50.0%,80,65,65,67,55,60,55,P0163
2025,Bリーグ,レギュラー,84,Hiromu,最強位ズ,11,-195.5,-17.8,2.91,"42,100点",56,"-4,700点",1,2,5,3,9.1%,72,72.7%,56,72,66,47,62,50,62,P0030
2025,Bリーグ,レギュラー,85,時々さんじょ,サクラフレンズ,6,-228.5,-38.1,3.33,"26,300点",85,"-7,800点",0,1,2,3,0.0%,81,50.0%,82,84,,,,,,P0266
2025,Bリーグ,レギュラー,86,くれば,おたまーず,8,-235.7,-29.5,3.13,"34,900点",78,"-27,600点",1,0,4,3,12.5%,66,62.5%,72,66,67,62,56,67,56,P0101
2025,Bリーグ,レギュラー,87,こすぎっち,ガラスのお面,5,-249,-49.8,3.60,"25,100点",86,"-27,500点",0,1,0,4,0.0%,84,20.0%,88,82,,,,,,P0105
2025,Bリーグ,レギュラー,88,としや,たちこまーず,7,-254.4,-36.3,3.43,"32,200点",80,"-5,300点",0,1,2,4,0.0%,79,42.9%,86,85,68,69,65,68,69,P0142
2025,Bリーグ,レギュラー,89,元教室生タク,教室生☆KSC,13,-304.1,-23.4,2.92,"36,200点",74,"-9,900点",1,3,5,4,7.7%,74,69.2%,64,74,69,55,64,63,64,P0255
2026,Aリーグ,レギュラー,1,どっち？弾平,電光石火,11,331.9,30.2,1.73,"58,900点",18,"5,100点",6,3,1,1,54.5%,2,90.9%,10,1,1,9,1,16,1,P0143
2026,Aリーグ,レギュラー,2,せいたろう,HIVE,13,251.3,19.3,2.00,"47,900点",40,"4,300点",5,5,1,2,38.5%,16,84.6%,28,5,2,27,5,37,15,P0122
2026,Aリーグ,レギュラー,2,年賀状,武装,7,251.3,35.9,1.57,"45,800点",45,"31,900点",3,4,0,0,42.9%,9,100.0%,8,11,3,8,11,42,8,P0307
2026,Aリーグ,レギュラー,4,魔王,電光石火,14,224,16,2.21,"58,000点",21,"15,500点",6,2,3,3,42.9%,8,78.6%,33,3,4,32,3,19,7,P0312
2026,Aリーグ,レギュラー,5,まびたん,最強位ズ,11,220.1,20,2.00,"54,900点",25,"10,300点",4,4,2,1,36.4%,25,90.9%,11,10,5,10,10,23,24,P0187
2026,Aリーグ,レギュラー,6,えんがわ,MJ東京,10,217.1,21.7,2.10,"77,100点",3,"1,600点",4,3,1,2,40.0%,15,80.0%,30,9,6,29,9,2,14,P0078
2026,Aリーグ,レギュラー,7,サンタマルコ,ＺＯＯ,13,211.2,16.2,2.08,"67,000点",8,"-18,100点",6,3,1,3,46.2%,4,76.9%,44,2,7,43,2,7,3,P0110
2026,Aリーグ,レギュラー,8,阿賀寿直,SILVER WOLVES,10,204.5,20.5,2.00,"51,100点",31,"-5,900点",5,2,1,2,50.0%,3,80.0%,31,4,8,30,4,28,2,P0228
2026,Aリーグ,レギュラー,9,ポテト吉野,SSブルーバーズ,9,183.1,20.3,2.00,"58,800点",19,"12,500点",3,4,1,1,33.3%,26,88.9%,13,25,9,12,25,17,25,P0181
2026,Aリーグ,レギュラー,10,ゆんゆん,武装,8,177.7,22.2,1.88,"44,300点",53,"17,300点",3,3,2,0,37.5%,17,100.0%,5,17,10,5,17,50,16,P0210
2026,Aリーグ,レギュラー,11,橋本るり子,SILVER WOLVES,9,167.4,18.6,2.00,"40,200点",68,"11,800点",4,3,0,2,44.4%,5,77.8%,34,6,11,33,6,64,4,P0249
2026,Aリーグ,レギュラー,12,松崎真也,SILVER WOLVES,9,161.7,18,2.11,"46,800点",43,"14,500点",4,1,3,1,44.4%,6,88.9%,14,7,12,13,7,40,5,P0276
2026,Aリーグ,レギュラー,13,EmperorTime,電光石火,8,145.6,18.2,2.00,"59,200点",16,"12,000点",3,2,3,0,37.5%,18,100.0%,6,18,13,6,18,14,17,P0024
2026,Aリーグ,レギュラー,14,おかぴー,MJAC愛好会,9,132.9,14.8,2.11,"49,000点",38,"11,300点",2,4,3,0,22.2%,51,100.0%,2,51,14,2,50,35,49,P0079
2026,Aリーグ,レギュラー,15,上野あいみ,SILVER WOLVES,8,128.6,16.1,2.00,"46,600点",44,"7,000点",3,3,1,1,37.5%,19,87.5%,16,19,15,15,19,41,18,P0279
2026,Aリーグ,レギュラー,16,銀河,enjoyすればイイ雀！,8,125.9,15.7,2.13,"58,000点",21,"11,000点",3,2,2,1,37.5%,20,87.5%,17,20,16,16,20,20,19,P0253
2026,Aリーグ,レギュラー,17,くまさぶろー,レッドリボン軍,8,125.2,15.7,2.25,"62,400点",11,"10,200点",3,1,3,1,37.5%,21,87.5%,18,21,17,17,21,10,20,P0100
2026,Aリーグ,レギュラー,18,ロンリーボーイ,MJAC愛好会,7,123.2,17.6,2.14,"74,900点",4,"13,900点",3,1,2,1,42.9%,10,85.7%,21,12,18,20,12,3,9,P0224
2026,Aリーグ,レギュラー,19,亜空間コツボー,MJAC愛好会,7,121,17.3,2.00,"40,000点",71,"9,700点",3,2,1,1,42.9%,11,85.7%,22,13,19,21,13,66,10,P0227
2026,Aリーグ,レギュラー,20,赤哲,武装,8,102.7,12.8,2.25,"49,500点",36,"7,400点",3,2,1,2,37.5%,22,75.0%,45,22,20,44,22,33,21,P0288
2026,Aリーグ,レギュラー,21,Hiromu,最強位ズ,9,101.8,11.3,2.11,"52,500点",29,"17,700点",2,4,3,0,22.2%,52,100.0%,3,52,21,3,51,26,50,P0030
2026,Aリーグ,レギュラー,22,きめっち,SSブルーバーズ,7,90.1,12.9,2.14,"44,700点",49,"15,300点",2,3,1,1,28.6%,32,85.7%,23,34,22,22,33,46,30,P0095
2026,Aリーグ,レギュラー,23,リョータ,最強位ズ,9,80.3,8.9,2.33,"50,900点",32,"15,900点",3,2,2,2,33.3%,27,77.8%,35,26,23,34,26,29,26,P0217
2026,Aリーグ,レギュラー,24,J,MJ東京,9,80,8.9,2.33,"48,300点",39,"8,500点",3,2,2,2,33.3%,28,77.8%,36,27,24,35,27,36,27,P0032
2026,Aリーグ,レギュラー,25,一之瀬 優,HIVE,3,78.2,26.1,2.00,"54,500点",27,"6,700点",2,0,0,1,66.7%,1,66.7%,76,33,,,,,,P0230
2026,Aリーグ,レギュラー,25,戯言遣い,ＺＯＯ,7,78.2,11.2,2.43,"85,000点",1,"15,200点",2,1,3,1,28.6%,33,85.7%,24,35,25,23,34,1,31,P0242
2026,Aリーグ,レギュラー,27,Mychemi,MJ東京,11,77.8,7.1,2.27,"64,300点",10,"-8,800点",3,3,4,1,27.3%,37,90.9%,12,30,26,11,30,9,35,P0044
2026,Aリーグ,レギュラー,28,けっけ,電光石火,10,75,7.5,2.20,"43,000点",58,"5,900点",2,4,4,0,20.0%,62,100.0%,1,61,27,1,60,55,60,P0102
2026,Aリーグ,レギュラー,29,JILL,たちこまーず,7,69.2,9.9,2.29,"45,800点",45,-700点,3,1,1,2,42.9%,12,71.4%,57,14,28,56,14,43,11,P0033
2026,Aリーグ,レギュラー,30,しんじゃうツモ,武装,8,65.3,8.2,2.13,"38,200点",77,"14,300点",2,3,3,0,25.0%,39,100.0%,7,39,29,7,38,72,37,P0119
2026,Aリーグ,レギュラー,31,ブ茶ラティ,最強位ズ,9,55.5,6.2,2.22,"39,500点",73,"9,100点",2,4,2,1,22.2%,53,88.9%,15,53,30,14,52,68,51,P0171
2026,Aリーグ,レギュラー,32,aimoni,MJ東京,9,46.1,5.1,2.44,"54,300点",28,-600点,3,1,3,2,33.3%,29,77.8%,37,28,31,36,28,25,28,P0015
2026,Aリーグ,レギュラー,33,店長倍損の上司,SILVER WOLVES,7,40.6,5.8,2.43,"59,400点",13,"-16,700点",3,0,2,2,42.9%,13,71.4%,58,15,32,57,15,11,12,P0302
2026,Aリーグ,レギュラー,34,郷 ひろし,HIVE,11,40.1,3.6,2.45,"59,400点",13,"3,500点",3,2,4,2,27.3%,38,81.8%,29,31,33,28,31,12,36,P0250
2026,Aリーグ,レギュラー,35,坊や哲,たちこまーず,8,38.7,4.8,2.50,"73,900点",5,"10,700点",2,3,0,3,25.0%,40,62.5%,78,40,34,74,39,4,38,P0310
2026,Aリーグ,レギュラー,36,ｒｒｒｒｒｒ,最強位ズ,9,35.7,4,2.44,"49,800点",34,"1,500点",3,1,3,2,33.3%,30,77.8%,38,29,35,37,29,31,29,P0053
2026,Aリーグ,レギュラー,37,べびたん,enjoyすればイイ雀！,8,34.2,4.3,2.38,"40,100点",69,"-9,300点",3,1,2,2,37.5%,23,75.0%,46,23,36,45,23,65,22,P0173
2026,Aリーグ,レギュラー,38,かじ,レッドリボン軍,7,32,4.6,2.29,"45,200点",47,"-19,400点",3,0,3,1,42.9%,14,85.7%,25,16,37,24,16,44,13,P0090
2026,Aリーグ,レギュラー,39,ミズゴロウ♂,たちこまーず,7,28.1,4,2.43,"50,800点",33,"3,800点",1,4,0,2,14.3%,72,71.4%,59,72,38,58,63,30,63,P0193
2026,Aリーグ,レギュラー,40,田口淳之介,SILVER WOLVES,8,27.8,3.5,2.38,"44,300点",53,"-1,300点",2,3,1,2,25.0%,41,75.0%,47,41,39,46,40,51,39,P0269
2026,Aリーグ,レギュラー,41,k-k,電光石火,9,27.2,3,2.33,"49,500点",36,-200点,2,4,1,2,22.2%,54,77.8%,39,54,40,38,53,34,52,P0034
2026,Aリーグ,レギュラー,42,ぼうや@HIVE,HIVE,9,23.4,2.6,2.44,"41,000点",66,-300点,4,0,2,3,44.4%,7,66.7%,70,8,41,69,8,63,6,P0177
2026,Aリーグ,レギュラー,43,シクラメン富男,たちこまーず,8,14.1,1.8,2.38,"43,200点",57,"7,200点",3,2,0,3,37.5%,24,62.5%,79,24,42,75,24,54,23,P0113
2026,Aリーグ,レギュラー,44,とと,レッドリボン軍,9,14,1.6,2.44,"69,700点",7,"-7,500点",2,3,2,2,22.2%,55,77.8%,40,55,43,39,54,6,53,P0144
2026,Aリーグ,レギュラー,45,ダイゴ＠LA,最強位ズ,9,11.6,1.3,2.44,"42,900点",59,"16,800点",1,3,5,0,11.1%,83,100.0%,4,83,44,4,74,56,74,P0130
2026,Aリーグ,レギュラー,46,チン☆パラ,MJ東京,3,11.3,3.8,2.33,"37,900点",81,"10,700点",1,1,0,1,33.3%,31,66.7%,77,64,,,,,,P0136
2026,Aリーグ,レギュラー,47,みや,enjoyすればイイ雀！,9,10.3,1.1,2.56,"59,000点",17,"-3,900点",2,2,3,2,22.2%,56,77.8%,41,56,45,40,55,15,54,P0195
2026,Aリーグ,レギュラー,48,石田亮太,SSブルーバーズ,8,7.5,0.9,2.50,"56,000点",24,"9,900点",2,1,4,1,25.0%,42,87.5%,19,42,46,18,41,22,40,P0014
2026,Aリーグ,レギュラー,49,湾奥アングラー,MJAC愛好会,8,1.4,0.2,2.50,"58,200点",20,"-8,000点",2,2,2,2,25.0%,43,75.0%,48,43,47,47,42,18,41,P0323
2026,Aリーグ,レギュラー,50,小倉唯,レッドリボン軍,6,-9.9,-1.7,2.67,"59,500点",12,"12,300点",1,2,1,2,16.7%,69,66.7%,75,69,,,,,,P0273
2026,Aリーグ,レギュラー,51,葛餅,MJ東京,8,-15.1,-1.9,2.50,"44,600点",50,"7,300点",2,1,4,1,25.0%,44,87.5%,20,44,48,19,43,47,42,P0240
2026,Aリーグ,レギュラー,52,鈴木正道,SSブルーバーズ,8,-17.2,-2.2,2.75,"51,500点",30,"14,100点",2,1,2,3,25.0%,45,62.5%,80,45,49,76,44,27,43,P0004
2026,Aリーグ,レギュラー,53,すー,ＺＯＯ,11,-19.1,-1.7,2.64,"70,300点",6,"-7,200点",2,3,3,3,18.2%,68,72.7%,54,63,50,53,62,5,62,P0121
2026,Aリーグ,レギュラー,54,フィクション,武装,7,-23,-3.3,2.57,"43,900点",56,"6,800点",1,2,3,1,14.3%,73,85.7%,26,73,51,25,64,53,64,P0165
2026,Aリーグ,レギュラー,55,よつば@tobi,たちこまーず,7,-25.4,-3.6,2.43,"38,200点",77,"12,500点",1,3,2,1,14.3%,74,85.7%,27,74,52,26,65,73,65,P0211
2026,Aリーグ,レギュラー,56,ロッキンポ,MJAC愛好会,7,-27.3,-3.9,2.71,"49,800点",34,"-3,100点",2,1,1,3,28.6%,34,57.1%,83,36,53,77,35,32,32,P0223
2026,Aリーグ,レギュラー,57,カオス,レッドリボン軍,3,-34.2,-11.4,2.67,"35,900点",86,"3,700点",0,1,2,0,0.0%,96,100.0%,9,89,,,,,,P0089
2026,Aリーグ,レギュラー,58,なおすけ,レッドリボン軍,7,-35,-5,2.71,"59,300点",15,"12,000点",1,2,2,2,14.3%,75,71.4%,60,75,54,59,66,13,66,P0150
2026,Aリーグ,レギュラー,59,Blush,enjoyすればイイ雀！,8,-45.6,-5.7,2.63,"38,100点",80,"11,100点",2,1,3,2,25.0%,46,75.0%,49,46,55,48,45,74,44,P0019
2026,Aリーグ,レギュラー,60,ご飯にバター,ＺＯＯ,14,-46.8,-3.3,2.57,"57,800点",23,"-2,800点",3,4,3,4,21.4%,61,71.4%,56,32,56,55,32,21,59,P0106
2026,Aリーグ,レギュラー,61,Bu Ki Chi,ＺＯＯ,8,-47.9,-6,2.75,"65,400点",9,"-5,300点",2,2,0,4,25.0%,47,50.0%,88,47,57,82,46,8,45,P0020
2026,Aリーグ,レギュラー,62,ブロッケンG,enjoyすればイイ雀！,8,-50.7,-6.3,2.75,"38,800点",76,300点,2,0,4,2,25.0%,48,75.0%,50,48,58,49,47,71,46,P0170
2026,Aリーグ,レギュラー,63,まぽぽ,たちこまーず,7,-51.8,-7.4,2.71,"39,900点",72,"4,600点",2,0,3,2,28.6%,35,71.4%,61,37,59,60,36,67,33,P0188
2026,Aリーグ,レギュラー,64,ななね,MJ東京,2,-52.3,-26.2,3.00,"28,700点",96,"-1,000点",0,1,0,1,0.0%,99,50.0%,91,87,,,,,,P0152
2026,Aリーグ,レギュラー,65,カルア,HIVE,9,-54,-6,2.67,"41,600点",64,"7,200点",2,2,2,3,22.2%,57,66.7%,71,57,60,70,56,61,55,P0093
2026,Aリーグ,レギュラー,66,レッド総帥,レッドリボン軍,8,-54.9,-6.9,2.63,"41,900点",62,"8,200点",2,1,3,2,25.0%,49,75.0%,51,49,61,50,48,59,47,P0221
2026,Aリーグ,レギュラー,67,キラ、,MJ東京,9,-56.8,-6.3,2.67,"42,900点",59,"11,100点",0,5,2,2,0.0%,87,77.8%,42,99,62,41,85,57,78,P0096
2026,Aリーグ,レギュラー,68,じゅねこ,enjoyすればイイ雀！,9,-57.9,-6.4,2.67,"42,900点",59,"5,000点",2,1,4,2,22.2%,58,77.8%,43,58,63,42,57,58,56,P0116
2026,Aリーグ,レギュラー,69,キレそう,MJ東京,5,-59.5,-11.9,2.80,"34,300点",88,"7,100点",1,1,1,2,20.0%,64,60.0%,81,65,,,,,,P0097
2026,Aリーグ,レギュラー,70,B地区,レッドリボン軍,5,-60.3,-12.1,2.80,"38,200点",77,"-2,200点",1,1,1,2,20.0%,65,60.0%,82,66,,,,,,P0021
2026,Aリーグ,レギュラー,71,ベヘリット,レッドリボン軍,6,-63.2,-10.5,3.00,"78,700点",2,"-2,100点",1,1,1,3,16.7%,70,50.0%,90,70,,,,,,P0174
2026,Aリーグ,レギュラー,72,ひろとだポン,電光石火,9,-66,-7.3,2.67,"36,300点",84,"-4,900点",2,2,2,3,22.2%,59,66.7%,72,59,64,71,58,77,57,P0163
2026,Aリーグ,レギュラー,73,石川安牌,SILVER WOLVES,7,-72.5,-10.4,2.71,"36,200点",85,"5,300点",0,4,1,2,0.0%,89,71.4%,62,92,65,61,78,78,80,P0284
2026,Aリーグ,レギュラー,74,乙子,武装,5,-73,-14.6,3.00,"33,400点",90,"7,100点",1,1,0,3,20.0%,66,40.0%,95,67,,,,,,P0236
2026,Aリーグ,レギュラー,75,たちこま,たちこまーず,9,-81.9,-9.1,2.67,"36,700点",82,"-12,900点",2,2,2,3,22.2%,60,66.7%,73,60,66,72,59,75,58,P0134
2026,Aリーグ,レギュラー,76,ねこます,最強位ズ,10,-82,-8.2,2.60,"39,000点",74,"-17,400点",2,2,4,2,20.0%,63,80.0%,32,62,67,31,61,69,61,P0155
2026,Aリーグ,レギュラー,77,はち,たちこまーず,7,-84.5,-12.1,2.71,"32,900点",91,"1,400点",1,2,2,2,14.3%,76,71.4%,63,76,68,62,67,81,67,P0157
2026,Aリーグ,レギュラー,78,どうみき,SSブルーバーズ,5,-85,-17,3.00,"40,100点",69,"7,200点",1,1,0,3,20.0%,67,40.0%,96,68,,,,,,P0141
2026,Aリーグ,レギュラー,79,サヴェ松田,SSブルーバーズ,7,-91.9,-13.1,2.71,"44,600点",50,"-13,600点",2,1,1,3,28.6%,36,57.1%,84,38,69,78,37,48,34,P0107
2026,Aリーグ,レギュラー,80,打撃系ヤルカツ,MJAC愛好会,7,-94.4,-13.5,2.71,"27,900点",97,"4,500点",1,2,2,2,14.3%,77,71.4%,64,77,70,63,68,86,68,P0295
2026,Aリーグ,レギュラー,81,アベキング,武装,8,-95.4,-11.9,2.75,"46,900点",42,"-4,000点",1,2,3,2,12.5%,80,75.0%,52,80,71,51,71,39,71,P0070
2026,Aリーグ,レギュラー,82,冬のミルク,MJAC愛好会,7,-111.3,-15.9,2.86,"31,500点",92,"12,700点",0,3,2,2,0.0%,90,71.4%,65,93,72,64,79,82,81,P0304
2026,Aリーグ,レギュラー,83,フミオ,電光石火,2,-114.2,-57.1,3.50,"5,400点",100,"-19,600点",0,0,1,1,0.0%,100,50.0%,92,88,,,,,,P0168
2026,Aリーグ,レギュラー,84,つかぴー,MJAC愛好会,7,-127.2,-18.2,2.86,"29,300点",95,"9,200点",0,3,2,2,0.0%,91,71.4%,66,94,73,65,80,85,82,P0137
2026,Aリーグ,レギュラー,85,まーくん RMU,SILVER WOLVES,8,-129.6,-16.2,2.88,"44,800点",48,"5,200点",1,1,4,2,12.5%,81,75.0%,53,81,74,52,72,45,72,P0184
2026,Aリーグ,レギュラー,86,rinruka,ＺＯＯ,10,-132.3,-13.2,2.90,"54,900点",25,"8,400点",1,2,4,3,10.0%,84,70.0%,69,84,75,68,75,24,75,P0052
2026,Aリーグ,レギュラー,87,梁瀬健太郎,レッドリボン軍,7,-140.3,-20,3.00,"44,600点",50,"1,100点",0,2,3,2,0.0%,92,71.4%,67,95,76,66,81,49,83,P0063
2026,Aリーグ,レギュラー,88,教室生 ユウ,MJAC愛好会,7,-144.2,-20.6,3.00,"41,600点",64,"-3,800点",1,2,0,4,14.3%,78,42.9%,93,78,77,84,69,62,69,P0248
2026,Aリーグ,レギュラー,89,0rb 01,ＺＯＯ,3,-144.9,-48.3,3.67,"22,300点",98,"-12,200点",0,0,1,2,0.0%,97,33.3%,99,90,,,,,,P0012
2026,Aリーグ,レギュラー,90,ミッキー柳井,電光石火,3,-147.2,-49.1,3.67,"20,800点",99,"-21,100点",0,0,1,2,0.0%,98,33.3%,100,91,,,,,,P0194
2026,Aリーグ,レギュラー,91,とむとむ,武装,8,-162.5,-20.3,3.00,"36,500点",83,200点,2,0,2,4,25.0%,50,50.0%,89,50,78,83,49,76,48,P0146
2026,Aリーグ,レギュラー,92,せなmam@,enjoyすればイイ雀！,9,-167.1,-18.6,3.00,"41,900点",62,"1,600点",0,3,3,3,0.0%,88,66.7%,74,100,79,73,86,60,79,P0124
2026,Aリーグ,レギュラー,93,おむ,SSブルーバーズ,7,-178.4,-25.5,3.14,"31,300点",93,"-1,200点",0,1,4,2,0.0%,93,71.4%,68,96,80,67,82,83,84,P0086
2026,Aリーグ,レギュラー,94,おしゃる,たちこまーず,6,-181.2,-30.2,3.33,"41,000点",66,"-12,500点",1,0,1,4,16.7%,71,33.3%,98,71,,,,,,P0082
2026,Aリーグ,レギュラー,95,Hara,SSブルーバーズ,8,-183,-22.9,3.13,"47,300点",41,"-9,000点",1,2,0,5,12.5%,82,37.5%,97,82,81,86,73,38,73,P0029
2026,Aリーグ,レギュラー,96,ツナマヨ,武装,7,-199.1,-28.4,3.00,"33,900点",89,"-7,600点",0,3,1,3,0.0%,94,57.1%,85,97,82,79,83,80,85,P0138
2026,Aリーグ,レギュラー,97,ハナノア,SSブルーバーズ,7,-221.5,-31.6,3.29,"44,100点",55,"-19,000点",1,0,2,4,14.3%,79,42.9%,94,79,83,85,70,52,70,P0158
2026,Aリーグ,レギュラー,98,ぽこぽこぽこり,HIVE,11,-225.3,-20.5,2.91,"38,900点",75,"-26,700点",1,2,5,3,9.1%,86,72.7%,55,86,84,54,77,70,77,P0179
2026,Aリーグ,レギュラー,99,かに,enjoyすればイイ雀！,7,-226.5,-32.4,3.14,"31,300点",93,"-10,900点",0,2,2,3,0.0%,95,57.1%,86,98,85,80,84,84,86,P0091
2026,Aリーグ,レギュラー,100,最後のZ戦士達,HIVE,10,-231.6,-23.2,3.10,"34,400点",87,"3,300点",1,2,2,5,10.0%,85,50.0%,87,85,86,81,76,79,76,P0261
2026,Bリーグ,レギュラー,1,nesre,Brave Revengers,9,413.3,45.9,1.44,"79,300点",1,"4,100点",7,1,0,1,77.8%,2,88.9%,16,1,1,12,1,1,1,P0047
2026,Bリーグ,レギュラー,2,フィーレン,Vertice,17,354.9,20.9,1.88,"54,200点",25,"10,500点",7,5,5,0,41.2%,15,100.0%,1,3,2,1,3,22,12,P0164
2026,Bリーグ,レギュラー,3,Redstar,教室生☆KSC,12,281.3,23.4,2.00,"60,600点",9,"-16,000点",7,1,1,3,58.3%,4,75.0%,43,2,3,36,2,9,2,P0051
2026,Bリーグ,レギュラー,4,はなびん,さわやかMJ野郎の会,5,255.9,51.2,1.20,"55,900点",19,"21,500点",4,1,0,0,80.0%,1,100.0%,7,10,,,,,,P0159
2026,Bリーグ,レギュラー,5,dia,チートイズ,9,253.2,28.1,1.78,"52,200点",31,"20,600点",3,5,1,0,33.3%,24,100.0%,4,26,4,4,24,28,21,P0023
2026,Bリーグ,レギュラー,6,小林宏康,Team MJ lovers,12,240.5,20,2.00,"58,100点",13,"18,300点",4,4,4,0,33.3%,22,100.0%,2,15,5,2,14,13,19,P0275
2026,Bリーグ,レギュラー,7,まんまる,La vie en Rose,10,238.7,23.9,2.00,"77,800点",2,"12,500点",3,5,1,1,30.0%,30,90.0%,15,28,6,11,26,2,26,P0190
2026,Bリーグ,レギュラー,8,喜多剛士@μ,Team MJ lovers,11,231.3,21,1.91,"43,900点",59,"17,300点",5,2,4,0,45.5%,8,100.0%,3,5,7,3,5,54,5,P0241
2026,Bリーグ,レギュラー,9,樹央,おたまーず,11,224.3,20.4,1.91,"57,900点",16,"-23,200点",5,3,2,1,45.5%,9,90.9%,13,6,8,9,6,15,6,P0268
2026,Bリーグ,レギュラー,10,元教室生タク,教室生☆KSC,11,223.6,20.3,2.00,"54,300点",24,"12,900点",5,2,3,1,45.5%,10,90.9%,14,7,9,10,7,21,7,P0255
2026,Bリーグ,レギュラー,11,つよ,さわやかMJ野郎の会,5,211.5,42.3,1.40,"49,300点",41,"28,600点",3,2,0,0,60.0%,3,100.0%,8,20,,,,,,P0139
2026,Bリーグ,レギュラー,12,あすてる,チートイズ,12,172.8,14.4,2.17,"55,800点",20,-700点,3,5,3,1,25.0%,34,91.7%,11,31,10,7,29,18,30,P0067
2026,Bリーグ,レギュラー,13,★月刃★,さわやかMJ野郎の会,7,165.5,23.6,2.00,"47,400点",46,"13,600点",4,0,2,1,57.1%,5,85.7%,22,11,11,18,10,42,3,P0006
2026,Bリーグ,レギュラー,14,みーやん19,Vertice,13,162.8,12.5,2.31,"74,500点",3,"10,500点",5,1,5,2,38.5%,16,84.6%,27,8,12,23,8,3,13,P0192
2026,Bリーグ,レギュラー,15,鰤トニー,おたまーず,11,146.8,13.3,2.18,"61,200点",7,"-1,600点",4,3,2,2,36.4%,20,81.8%,33,13,13,28,12,7,17,P0326
2026,Bリーグ,レギュラー,16,海賊王,さわやかMJ野郎の会,8,138,17.3,2.00,"46,600点",48,"23,300点",2,4,2,0,25.0%,36,100.0%,5,38,14,5,35,44,32,P0238
2026,Bリーグ,レギュラー,17,しげぞー,チートイズ,13,132.5,10.2,2.23,"52,700点",28,"-9,400点",6,2,1,4,46.2%,7,69.2%,60,4,15,52,4,25,4,P0114
2026,Bリーグ,レギュラー,18,３１０７,La vie en Rose,9,126.7,14.1,2.11,"50,900点",36,"5,400点",4,1,3,1,44.4%,11,88.9%,17,12,16,13,11,33,8,P0013
2026,Bリーグ,レギュラー,19,ジョーカー,La vie en Rose,7,123,17.6,2.00,"48,300点",43,"2,900点",3,2,1,1,42.9%,12,85.7%,23,21,17,19,19,39,9,P0118
2026,Bリーグ,レギュラー,20,神田大行,TEAM AJITO,13,111,8.5,2.31,"72,200点",5,"-9,000点",5,2,3,3,38.5%,17,76.9%,41,9,18,34,9,5,14,P0282
2026,Bリーグ,レギュラー,21,shige,IRU,8,105.4,13.2,2.13,"46,200点",50,"20,900点",2,3,3,0,25.0%,37,100.0%,6,39,19,6,36,46,33,P0056
2026,Bリーグ,レギュラー,22,蒼,IRU,6,99.4,16.6,2.00,"45,300点",55,"20,800点",2,3,0,1,33.3%,26,83.3%,32,36,,,,,,P0293
2026,Bリーグ,レギュラー,23,悠紀子,教室生☆KSC,11,95.3,8.7,2.36,"58,800点",12,800点,4,2,2,3,36.4%,21,72.7%,50,14,20,42,13,12,18,P0318
2026,Bリーグ,レギュラー,24,YOU太郎,他力本願寺,13,85.1,6.5,2.38,"62,100点",6,"-8,700点",4,4,1,4,30.8%,27,69.2%,61,17,21,53,16,6,23,P0064
2026,Bリーグ,レギュラー,25,chemi,TEAM AJITO,8,84,10.5,2.25,"40,000点",68,"2,900点",3,2,1,2,37.5%,18,75.0%,45,24,22,38,22,62,15,P0022
2026,Bリーグ,レギュラー,26,エイデン二号機,おたまーず,12,81.2,6.8,2.25,"42,900点",61,"-1,700点",4,3,3,2,33.3%,23,83.3%,31,16,23,27,15,56,20,P0075
2026,Bリーグ,レギュラー,27,黒太郎@SMY会,さわやかMJ野郎の会,9,70.9,7.9,2.22,"55,000点",22,"-11,800点",3,2,3,1,33.3%,25,88.9%,18,27,24,14,25,19,22,P0260
2026,Bリーグ,レギュラー,28,中出雄介,Team MJ lovers,2,65.7,32.9,1.50,"41,900点",63,"23,800点",1,1,0,0,50.0%,6,100.0%,9,53,,,,,,P0298
2026,Bリーグ,レギュラー,29,くれば,おたまーず,13,63.9,4.9,2.46,"58,100点",13,"1,900点",4,3,2,4,30.8%,28,69.2%,62,18,25,54,17,14,24,P0101
2026,Bリーグ,レギュラー,30,ペン,Brave Revengers,10,60.1,6,2.40,"48,800点",42,"2,200点",3,3,1,3,30.0%,31,70.0%,58,29,26,50,27,38,27,P0175
2026,Bリーグ,レギュラー,31,☆魔雀T塾生☆,教室生☆KSC,13,52.1,4,2.31,"59,200点",10,"-3,300点",3,5,3,2,23.1%,42,84.6%,28,33,27,24,31,10,38,P0010
2026,Bリーグ,レギュラー,32,サブ垢先輩,Brave Revengers,8,34,4.3,2.25,"47,000点",47,"1,200点",2,3,2,1,25.0%,38,87.5%,20,40,28,16,37,43,34,P0109
2026,Bリーグ,レギュラー,33,青ヒゲ危機一髪,教室生☆KSC,2,32.3,16.2,2.00,"38,000点",73,"34,300点",0,2,0,0,0.0%,89,100.0%,10,79,,,,,,P0283
2026,Bリーグ,レギュラー,34,TOM,TEAM AJITO,10,28.1,2.8,2.30,"43,000点",60,"-8,400点",3,3,2,2,30.0%,32,80.0%,35,30,29,30,28,55,28,P0057
2026,Bリーグ,レギュラー,35,猪突猛進男,IRU,13,26,2,2.54,"61,200点",7,"-8,200点",4,3,1,5,30.8%,29,61.5%,71,19,30,62,18,8,25,P0299
2026,Bリーグ,レギュラー,36,KGRS,TEAM AJITO,7,25.5,3.6,2.57,"44,500点",57,"9,300点",3,0,1,3,42.9%,13,57.1%,74,22,31,64,20,52,10,P0037
2026,Bリーグ,レギュラー,37,まんまるきや,他力本願寺,12,23.5,2,2.50,"52,700点",28,"1,900点",3,3,3,3,25.0%,35,75.0%,44,32,32,37,30,26,31,P0191
2026,Bリーグ,レギュラー,38,ソニア@SMY会,さわやかMJ野郎の会,7,17.7,2.5,2.57,"54,600点",23,"-2,500点",3,0,1,3,42.9%,14,57.1%,75,23,33,65,21,20,11,P0127
2026,Bリーグ,レギュラー,39,Blue-K18,さわやかMJ野郎の会,7,9,1.3,2.43,"32,900点",80,"17,900点",1,3,2,1,14.3%,57,85.7%,24,57,34,20,50,71,50,P0018
2026,Bリーグ,レギュラー,40,みり,Brave Revengers,5,5.6,1.1,2.40,"58,000点",15,"-17,500点",1,2,1,1,20.0%,48,80.0%,37,54,,,,,,P0196
2026,Bリーグ,レギュラー,41,ふとふと,La vie en Rose,9,0.5,0.1,2.44,"50,700点",37,"2,500点",2,3,2,2,22.2%,45,77.8%,39,44,35,32,41,34,41,P0167
2026,Bリーグ,レギュラー,42,支援紳士,TEAM AJITO,10,-4.7,-0.5,2.50,"50,400点",39,0点,2,3,3,2,20.0%,47,80.0%,36,46,36,31,43,36,43,P0265
2026,Bリーグ,レギュラー,43,なほみん,La vie en Rose,8,-5.9,-0.7,2.38,"36,900点",75,"-20,400点",2,3,1,2,25.0%,39,75.0%,46,41,38,39,38,67,35,P0153
2026,Bリーグ,レギュラー,44,Anmi,教室生☆KSC,12,-5.9,-0.5,2.50,"57,800点",18,"8,100点",2,3,6,1,16.7%,53,91.7%,12,49,37,8,46,17,46,P0016
2026,Bリーグ,レギュラー,45,だーはら,Brave Revengers,8,-8,-1,2.50,"45,700点",53,"-15,800点",3,1,1,3,37.5%,19,62.5%,69,25,39,60,23,49,16,P0129
2026,Bリーグ,レギュラー,46,？？？？？,IRU,13,-15.4,-1.2,2.54,"48,100点",45,"6,500点",3,2,6,2,23.1%,43,84.6%,29,34,40,25,32,41,39,P0001
2026,Bリーグ,レギュラー,47,μゆぅちゃん,Team MJ lovers,8,-21.8,-2.7,2.50,"39,100点",71,"7,100点",2,1,4,1,25.0%,40,87.5%,21,42,41,17,39,64,36,P0327
2026,Bリーグ,レギュラー,48,桐生れいか,他力本願寺,11,-21.9,-2,2.45,"46,200点",50,"-21,000点",2,5,1,3,18.2%,51,72.7%,51,47,42,43,44,47,44,P0252
2026,Bリーグ,レギュラー,49,羽田暁音,おたまーず,11,-23.5,-2.1,2.55,"44,900点",56,"7,700点",2,4,2,3,18.2%,52,72.7%,52,48,43,44,45,51,45,P0232
2026,Bリーグ,レギュラー,50,aoking,IRU,9,-28.7,-3.2,2.44,"51,600点",33,"2,200点",1,4,3,1,11.1%,69,88.9%,19,69,44,15,62,30,62,P0017
2026,Bリーグ,レギュラー,51,黙示録@SMY会,さわやかMJ野郎の会,7,-37.4,-5.3,2.71,"59,100点",11,"-4,300点",1,1,4,1,14.3%,58,85.7%,25,58,45,21,51,11,51,P0316
2026,Bリーグ,レギュラー,52,014のりたま,チートイズ,9,-40.7,-4.5,2.78,"53,100点",26,"8,800点",2,1,3,3,22.2%,46,66.7%,66,45,46,58,42,23,42,P0011
2026,Bリーグ,レギュラー,53,小四喜大好き,楽しめばイイ雀,12,-43.9,-3.7,2.67,"57,900点",16,"2,100点",2,4,2,4,16.7%,54,66.7%,64,50,47,56,47,16,47,P0272
2026,Bリーグ,レギュラー,54,パイ乙戦士全ツ,さわやかMJ野郎の会,7,-46.4,-6.6,2.71,"46,100点",52,"10,800点",1,2,2,2,14.3%,59,71.4%,54,59,48,46,52,48,52,P0156
2026,Bリーグ,レギュラー,55,川端由紀,教室生☆KSC,1,-48.7,-48.7,4.00,"11,300点",90,"11,300点",0,0,0,1,0.0%,90,0.0%,90,77,,,,,,P0289
2026,Bリーグ,レギュラー,56,しょう&るな,Vertice,7,-54.6,-7.8,2.71,"50,200点",40,"2,700点",1,2,2,2,14.3%,60,71.4%,55,60,49,47,53,37,53,P0117
2026,Bリーグ,レギュラー,57,ysk,Team MJ lovers,7,-56.1,-8,2.71,"38,300点",72,"4,800点",1,1,4,1,14.3%,61,85.7%,26,61,50,22,54,65,54,P0065
2026,Bリーグ,レギュラー,58,moka,Vertice,13,-56.7,-4.4,2.62,"40,800点",67,"5,900点",2,3,6,2,15.4%,55,84.6%,30,51,51,26,48,61,48,P0042
2026,Bリーグ,レギュラー,59,おさやスイープ,チートイズ,7,-59.9,-8.6,2.71,"45,600点",54,"9,900点",1,2,2,2,14.3%,62,71.4%,56,62,52,48,55,50,55,P0081
2026,Bリーグ,レギュラー,60,ポルタ,La vie en Rose,5,-64,-12.8,2.80,"39,600点",69,"4,400点",1,0,3,1,20.0%,49,80.0%,38,55,,,,,,P0182
2026,Bリーグ,レギュラー,61,ｋｅｎ@あじと,TEAM AJITO,8,-67.9,-8.5,2.63,"46,400点",49,"-3,300点",1,3,2,2,12.5%,65,75.0%,47,65,53,40,58,45,58,P0036
2026,Bリーグ,レギュラー,62,仇森龍,Brave Revengers,12,-69.5,-5.8,2.67,"51,600点",33,"-8,000点",1,6,1,4,8.3%,75,66.7%,65,75,54,57,68,31,68,P0245
2026,Bリーグ,レギュラー,63,七対子大好き,楽しめばイイ雀,10,-70.3,-7,2.70,"41,900点",63,"9,000点",1,4,2,3,10.0%,71,70.0%,59,71,55,51,64,58,64,P0267
2026,Bリーグ,レギュラー,64,溝渕智也,Team MJ lovers,13,-71.4,-5.5,2.62,"52,500点",30,"-2,100点",2,4,4,3,15.4%,56,76.9%,42,52,56,35,49,27,49,P0259
2026,Bリーグ,レギュラー,65,ヤス,TEAM AJITO,4,-72.5,-18.1,2.75,"26,100点",82,"1,900点",0,2,1,1,0.0%,84,75.0%,49,80,,,,,,P0199
2026,Bリーグ,レギュラー,66,公務員麻雀M,チートイズ,8,-73.9,-9.2,2.63,"36,500点",76,"-7,000点",1,3,2,2,12.5%,66,75.0%,48,66,57,41,59,68,59,P0258
2026,Bリーグ,レギュラー,67,flantic,TEAM AJITO,1,-89.3,-89.3,4.00,"-29,300点",91,"-29,300点",0,0,0,1,0.0%,91,0.0%,91,78,,,,,,P0025
2026,Bリーグ,レギュラー,68,わたちゃん,楽しめばイイ雀,8,-96.5,-12.1,2.88,"72,300点",4,"-9,300点",2,1,1,4,25.0%,41,50.0%,78,43,58,68,40,4,37,P0226
2026,Bリーグ,レギュラー,69,くすだま,楽しめばイイ雀,9,-98.5,-10.9,2.78,"41,000点",65,"-1,900点",1,2,4,2,11.1%,70,77.8%,40,70,59,33,63,59,63,P0098
2026,Bリーグ,レギュラー,70,たくおっち,他力本願寺,6,-102,-17,2.83,"36,000点",78,"-3,500点",0,3,1,2,0.0%,81,66.7%,68,87,,,,,,P0132
2026,Bリーグ,レギュラー,71,ゆうー,Vertice,11,-115.9,-10.5,2.82,"48,300点",43,"-6,200点",1,2,6,2,9.1%,73,81.8%,34,73,60,29,66,40,66,P0203
2026,Bリーグ,レギュラー,72,灰鶴,他力本願寺,11,-132.4,-12,2.64,"44,400点",58,"-4,000点",1,5,2,3,9.1%,74,72.7%,53,74,61,45,67,53,67,P0239
2026,Bリーグ,レギュラー,73,シェリさん,La vie en Rose,4,-134.3,-33.6,3.25,"24,200点",83,"2,400点",0,1,1,2,0.0%,85,50.0%,81,81,,,,,,P0112
2026,Bリーグ,レギュラー,74,明信,TEAM AJITO,5,-134.5,-26.9,3.40,"55,400点",21,"2,700点",1,0,0,4,20.0%,50,20.0%,89,56,,,,,,P0315
2026,Bリーグ,レギュラー,75,りきまーる,Brave Revengers,7,-136.9,-19.6,3.00,"50,500点",38,"-1,900点",2,0,1,4,28.6%,33,42.9%,82,37,62,71,34,35,29,P0214
2026,Bリーグ,レギュラー,76,奥山瞭,IRU,10,-141.2,-14.1,2.90,"51,700点",32,"9,100点",1,3,2,4,10.0%,72,60.0%,72,72,63,63,65,29,65,P0216
2026,Bリーグ,レギュラー,77,りゅー,Brave Revengers,7,-145.3,-20.8,3.14,"42,100点",62,"2,900点",1,1,1,4,14.3%,63,42.9%,83,63,64,72,56,57,56,P0215
2026,Bリーグ,レギュラー,78,uki,IRU,7,-155.6,-22.2,3.00,"39,200点",70,"9,200点",0,2,3,2,0.0%,80,71.4%,57,88,65,49,70,63,73,P0059
2026,Bリーグ,レギュラー,79,ゆうやなのだ,楽しめばイイ雀,7,-167.4,-23.9,3.14,"36,200点",77,-800点,1,0,3,3,14.3%,64,57.1%,76,64,66,66,57,69,57,P0205
2026,Bリーグ,レギュラー,80,★神威★,La vie en Rose,5,-172.4,-34.5,3.40,"20,500点",87,"4,800点",0,0,3,2,0.0%,82,60.0%,73,85,,,,,,P0007
2026,Bリーグ,レギュラー,81,Kou,楽しめばイイ雀,8,-179,-22.4,3.13,"37,400点",74,"1,900点",0,3,1,4,0.0%,78,50.0%,79,89,67,69,71,66,71,P0038
2026,Bリーグ,レギュラー,82,捜査一課長,楽しめばイイ雀,4,-186.6,-46.7,3.75,"19,100点",89,"-6,000点",0,0,1,3,0.0%,86,25.0%,86,82,,,,,,P0292
2026,Bリーグ,レギュラー,83,匕首◆,La vie en Rose,9,-188.6,-21,2.89,"32,100点",81,"-17,200点",0,4,2,3,0.0%,77,66.7%,67,91,68,59,73,72,70,P0325
2026,Bリーグ,レギュラー,84,おたま♪,おたまーず,8,-191.8,-24,3.00,"33,300点",79,"-6,100点",1,1,3,3,12.5%,67,62.5%,70,67,69,61,60,70,60,P0084
2026,Bリーグ,レギュラー,85,とり,他力本願寺,13,-195.6,-15,2.92,"53,000点",27,"-7,600点",3,1,3,6,23.1%,44,53.8%,77,35,70,67,33,24,40,P0148
2026,Bリーグ,レギュラー,86,w-baby,教室生☆KSC,4,-199.6,-49.9,3.75,"22,400点",85,"-10,700点",0,0,1,3,0.0%,87,25.0%,87,83,,,,,,P0060
2026,Bリーグ,レギュラー,87,だてまきたまご,さわやかMJ野郎の会,4,-203.6,-50.9,3.75,"19,200点",88,"-5,200点",0,0,1,3,0.0%,88,25.0%,88,84,,,,,,P0135
2026,Bリーグ,レギュラー,88,じんぱぱ,チートイズ,8,-207.5,-25.9,3.25,"40,900点",66,"-8,300点",1,0,3,4,12.5%,68,50.0%,80,68,71,70,61,60,61,P0120
2026,Bリーグ,レギュラー,89,抹茶,Vertice,5,-225.3,-45.1,3.60,"24,000点",84,"-5,500点",0,0,2,3,0.0%,83,40.0%,84,86,,,,,,P0314
2026,Bリーグ,レギュラー,90,ゆっしー@,Team MJ lovers,13,-297.9,-22.9,3.08,"51,500点",35,100点,1,1,7,4,7.7%,76,69.2%,63,76,72,55,69,32,69,P0207
2026,Bリーグ,レギュラー,91,nana.jo,楽しめばイイ雀,8,-305.5,-38.2,3.63,"22,100点",86,"-1,800点",0,0,3,5,0.0%,79,37.5%,85,90,73,73,72,73,72,P0045